"Reddeer","Roedeer","Wildboar","Moose","Total.arable","Pastures","BroadLForest","ConForest","MixForest","Shrub","Total.forest","DeciMixFor","Marsh","Waterbodies","Open","SnowDays","JanTemp","LONG","LAT","Quadrant"
0.639,1.266,0.18,0.18,24.60577495,8.23801505,6.037177686,37.58818101,14.97844169,0,58.60380038,35.86050604,2.374793281,3.315673731,35.21858328,100,-4.15524901127356,14.4625442162162,53.792712,"E N"
2.716,1.788,2.552,0.045,5.566820242,5.949502029,39.90382285,30.53185442,16.1788429,0.221733975,86.83625414,64.58439082,0.449641577,0,11.96596385,105,-4.1,14.8091579459459,52.690884,"E N"
0.097,1.237,0.226,0.016,50.23852134,22.09076034,1.002690553,19.28548951,4.141112864,0.888908544,25.31820147,20.3166225,0.033508553,0,72.36279023,95,-3.82098440232362,14.4251673513514,52.700924,"E N"
0.252,1.16,0.454,0.033,56.6718101,3.58113655,8.291901154,6.849280112,11.57705821,0,26.71823947,74.36477759,0.740073012,11.68489755,60.99301966,105,-3.49686326876969,13.5975353513514,54.171189,"E N"
2.558,2.848,2.259,0.074,21.72867877,19.00112602,19.01661757,25.95815457,10.6203336,0.496387083,56.09149283,52.83680231,0.526450866,1.047752751,41.25625566,105,-4.1168138181954,14.7355386756757,52.86151,"E N"
0.189,0.492,0.213,0.017,58.11059236,17.35784723,4.487608209,11.00739764,7.41268424,0.198530301,23.10622039,51.50254888,0.166721315,0.036360726,75.6351609,105,-4.11603615619762,14.5130435135135,53.4671,"E N"
0.882,1.892,1.096,0.067,52.16141133,4.931739167,9.450321403,8.642571857,21.43156231,0.144786263,39.66924183,77.84843442,0.140559796,2.94046196,57.23371029,105,-3.59302302208689,13.7290052162162,54.194755,"E N"
0.256,1.209,0.299,0.023,42.32530819,16.63565559,3.665341281,23.93134048,6.051051474,0,33.64773324,28.87681225,0.495685993,0,59.45664978,105,-3.88466950664983,14.3581211081081,53.125861,"E N"
1.316,2.222,0.62,0.105,32.39513327,14.98464983,4.000142182,32.91599084,2.953281475,1.053364565,40.92277907,16.99157246,0.932412036,5.166061709,48.31219514,100,-3.5,13.7317260540541,53.689196,"E N"
0.07,0.764,0.315,0.062,63.44811555,4.661929604,3.141504408,13.62833668,5.911196914,0.257454568,22.93849257,39.46510999,0.862739987,6.432013812,68.97278514,100,-3.70442366851284,13.9446973513514,53.826047,"E N"
0.22,1.186,0.489,0.054,54.86601898,9.179422756,5.345212373,8.918762635,7.587794268,0.159074319,22.0108436,58.75743283,0.79888074,11.87313522,64.84432248,105,-3.44491605503086,13.5457337567568,53.949959,"E N"
0.898,1.909,0.521,0.197,29.53343268,3.78036892,2.567587091,56.32449641,4.849921805,0.059733679,63.80173899,11.62587261,0.433895753,2.450563663,33.74769735,105,-4.4,14.4470440810811,54.015,"E N"
0.762,0.755,0.582,0.074,53.89627482,4.988073352,6.525001418,11.42157295,19.77746023,0.337163317,38.06119792,69.10571157,0.549203471,1.518077114,59.43355164,105,-3.7,13.973263972973,54.303627,"E N"
2.345,1.705,1.941,0.07,26.5583715,8.382489186,24.9101201,22.32791842,12.00095115,0.174334711,59.41332439,62.12591474,1.492120616,0,36.4329813,105,-4.00581064866042,14.6532993783784,52.70758,"E N"
0.141,0.938,0.197,0.006,61.75283361,13.5861523,5.728701739,12.98402379,3.579971468,0.403267111,22.6959641,41.01466307,0.014084842,0.064513423,75.35307075,85,-3.43214098265811,13.7290518378378,53.120264,"E N"
1.89,2.736,0.623,0.027,27.66535581,10.00932751,4.186397394,34.04611377,8.968821047,0.091404973,47.29273719,27.81657232,0.756027963,13.6264612,38.43071129,105,-3.32139232498486,13.3744875675676,53.68972,"E N"
0.286,1.234,0.25,0.028,32.47080061,33.48761632,1.428920492,30.04687278,0.818591008,0.165546058,32.45993033,6.923956636,0.596092294,0,66.55450922,95,-3.37846005484927,13.5708118378378,53.327173,"E N"
0.282,1.031,0.255,0.021,49.73956499,13.26972783,11.04421691,20.4169201,2.539396546,0.629195199,34.62972875,39.22529556,0,0.102021445,63.00929281,95,-3.8,14.2468079459459,52.503941,"E N"
0.279,1.359,0.455,0.019,74.09810192,3.596209347,2.978348716,5.730935236,9.638839755,0.271846939,18.61997065,67.76159163,0.208535341,2.780989037,77.90284661,105,-3.77285767527979,13.9728418918919,54.091403,"E N"
1.964,2.22,0.571,0.026,15.58454985,15.40747073,6.279391007,40.97314686,5.563899134,0.764745046,53.58118204,22.10345067,0.473705103,14.01420385,31.46572568,100,-3.42475219727947,13.5749785675676,53.634319,"E N"
0.997,0.927,0.29,0.147,24.59331551,8.833958404,3.038359837,45.31940952,16.98886443,0,65.34663378,30.64767549,0.093886079,1.041170378,33.52115999,105,-4.2,14.5449513513514,53.824038,"E N"
0.538,1.057,0.225,0.12,41.30519824,4.986468311,3.001204011,38.88050764,5.846513742,0.463393224,48.19161862,18.35945338,0,5.115165275,46.29166655,105,-4.26464738884435,14.5438529459459,54.062354,"E N"
0.279,1.326,0.32,0.212,46.24833721,26.61287541,6.728199383,13.21665218,2.014804511,0.878432552,22.83808862,38.28255525,1.490007519,1.225148189,74.35122014,95,-3.8,13.979285,53.556493,"E N"
0.024,0.78,0.109,0.017,64.19121529,12.34862106,7.563600973,12.01268092,2.322873295,0.078840256,21.97799545,44.98351222,0.040903417,0.073683569,76.58073977,95,-3.7,14.0593852972973,52.823586,"E N"
1.626,1.254,0.859,0.034,31.80970878,12.31073774,4.207399271,36.25276003,13.41031552,0.674172847,54.54464767,32.29962158,0.173301536,0.074987181,44.29374806,105,-4.09699740806366,14.5525867297297,53.285473,"E N"
0.108,0.858,0.242,0.02,75.02322604,3.437257851,3.859624034,8.036281495,4.811895883,0.179137447,16.88693886,51.35045487,0.122722144,2.829658948,78.58320604,105,-4.08040959190427,14.3109928648649,54.173216,"E N"
0.715,0.654,0.145,0.038,46.7313466,2.925836333,1.085471471,32.55156409,11.08552852,0.306902073,45.02946616,27.02896798,0.925084367,4.004929402,50.5822673,105,-4.00996215557325,14.2657189189189,53.954684,"E N"
0.134,0.707,0.23,0.083,51.53263264,27.99291473,4.66889132,12.32748709,1.05209298,0.161134529,18.20960592,31.41739764,0.604186991,0.34484292,80.12973436,95,-3.73586041590426,14.1212838918919,53.312547,"E N"
1.156,2.763,2.12,0.13,56.20341694,8.047449344,4.938561133,22.82707132,5.946773192,1.434646737,35.14705238,30.97083138,0.285267845,0,64.53613413,105,-4.3,14.7512427027027,53.278641,"E N"
0.555,1.159,0.489,0.022,34.08855383,19.50614895,2.750605602,30.87976584,8.5988294,1.842334319,44.07153516,25.75230239,0.6954478,0.963520094,54.29015059,105,-4.1,14.6593570810811,53.051751,"E N"
0.817,2.291,0.84,0.09,25.4546801,17.05391446,5.185779804,38.02164258,13.37322803,0.2670688,56.84771922,32.64688204,0.264889176,0,42.77348373,105,-4.19437603944501,14.7419475945946,53.101396,"E N"
0.303,1.199,0.252,0.107,51.392361,19.02568194,4.8092407,16.68522351,5.652702391,0,27.1471666,38.53788222,0.04680516,1.848969164,70.4648481,95,-4,14.2681221081081,53.743095,"E N"
0.248,3.271,0.118,0,66.50520701,3.169718749,4.866265377,5.787426773,7.677017967,0.028689321,18.35939944,68.32077153,0.032407597,3.671652992,69.70733336,85,-2.78802749019517,12.0922705135135,49.914708,"E S"
0.587,3.001,0.161,0,53.35462308,1.669297586,6.957800541,7.25770679,10.92424539,2.314449643,27.45420236,65.13409384,0.014056495,2.524650131,55.03797716,85,-2.53300854000438,11.8019048378378,49.809077,"W S"
0.913,2.123,0.548,0,37.23281379,3.712178863,5.180507694,18.54210035,9.520011087,1.04187602,34.28449515,42.87803777,0,0.568148562,40.94499265,75,-1.97320157779889,11.6571173513514,50.445698,"W S"
0.335,2.225,0.472,0.003,64.16201035,6.404797719,5.970512899,10.19873139,6.969516213,0.285590376,23.42435088,55.24178313,0,0.426723969,70.56680806,50,-1.53431158668469,10.9157123513514,50.867729,"W S"
0.296,1.844,0.291,0.013,43.43814133,18.36693612,3.268773123,26.41971919,3.642708402,2.439082654,35.77028337,19.32185287,0.071303676,0.596096779,61.87638112,75,-2.28143421407534,12.0867766216216,50.919146,"E S"
0.68,2.685,0.471,0.01,45.09655223,8.598122362,3.747181416,28.06184207,2.289624702,5.063874031,39.16252222,15.41475313,0.116650809,0.161935629,53.8113254,75,-1.95520853446169,11.7349605405405,50.79615,"W S"
0.283,2.746,0.4,0.019,29.05687682,8.563965686,3.709617859,16.84479284,14.37368992,6.337070326,41.26517095,43.82220494,0,0.244381101,37.62084251,80,-2.55608369034112,12.037372,50.180025,"E S"
1.212,4.041,0.207,0,34.77442613,7.327399169,2.312928611,26.42066366,16.76818856,3.701532142,49.20331297,38.78014715,0,2.02900648,42.1018253,90,-2.85836053914814,11.9958153513514,49.660986,"E S"
0.266,2.696,0.661,0.014,25.48167441,5.828579783,10.75787681,3.883795841,11.88432013,0.436039963,26.96203274,83.97807819,0,1.934700802,31.31025419,85,-2.2686940196652,11.8061312432432,50.206424,"W S"
0.784,2.437,0.588,0,48.77743966,4.504158032,6.320329528,12.90350507,4.221874048,11.76743149,35.21314014,29.93826604,0,0.594367432,53.28159769,65,-1.71534170321455,11.2936576756757,50.327708,"W S"
1.285,3.302,0.693,0,61.13941563,6.624351462,2.335878315,14.36736176,9.629351466,2.405401055,28.7379926,41.63557959,0.021664601,0.321323538,67.7854317,65,-1.58979628661688,11.2995450540541,51.015699,"W S"
0.081,2.072,0.227,0.002,63.58380854,7.282312218,2.152183165,18.99666196,2.282901661,1.003670559,24.43541735,18.15023154,0.123434395,0.140876019,70.98955516,75,-2.2,11.775006027027,50.998896,"W S"
1.207,5.039,0.652,0,37.08607796,7.971535642,1.142695888,23.46613538,15.63747826,2.770218881,43.01652841,39.00866659,0,0.311213312,45.0576136,85,-1.9,11.6893447027027,50.094206,"W S"
1.996,2.585,0.87,0,18.26897646,6.301049438,2.196801237,50.30474759,5.023680231,13.86203227,71.38726133,10.1145237,0,0,24.5700259,65,-1.75779438509169,11.4941785135135,50.611724,"W S"
0.262,1.644,0.172,0.015,50.07112188,14.15777355,4.143225644,23.50112265,4.771122019,0.844721037,33.26019135,26.80185321,0.039701241,0.616140395,64.26859667,75,-2.5,12.3046804864865,50.684797,"E S"
1.853,2.221,0.558,0,29.73659945,5.603626082,5.512582748,43.27210714,7.046895893,3.654516845,59.48610262,21.11329888,0.167316377,0.239748934,35.50754191,75,-2.4,11.7464468648649,50.643535,"W S"
0.927,2.269,0.397,0,28.75892243,12.29739438,4.512588282,41.80438614,3.586487138,5.332434138,55.23589569,14.66270315,0.023863936,0.028518933,41.08018075,65,-1.60511670636382,11.2989675675676,50.692024,"W S"
1.615,3.206,0.662,0,33.38415756,10.62242179,3.734312487,34.40777661,7.915199387,5.419097837,51.47638632,22.63078803,0,1.195993268,44.00657936,65,-1.4,11.0947518108108,50.843873,"W S"
1.336,3.087,0.602,0,41.95700965,7.618150601,1.974867807,38.28768484,2.162530407,3.902908515,46.32799157,8.930666049,0.101557349,1.024303756,49.6767176,65,-1.77492665130171,11.5417114324324,50.739716,"W S"
0.741,3.539,0.698,0,65.67575587,9.069588419,4.646726106,9.132925453,8.815075815,0.335127392,22.92985477,58.7086227,0.102996515,0.182179591,74.8483408,70,-1.51994056442808,11.0986350810811,51.064501,"W S"
0.851,3.113,0.531,0,53.31279516,6.305496401,1.581349117,33.3731442,2.307704815,0.763583929,38.02578207,10.22741341,0.060701679,0,59.67899324,65,-1.68611812612545,11.451474972973,50.946866,"W S"
0.031,1.417,0.113,0.006,56.68991017,3.364717713,4.616665016,18.00236512,7.329703948,2.459581068,32.40831515,36.86204885,0.048399464,0.078074473,60.10302734,75,-2.61737732732413,12.2317344324324,50.374581,"E S"
0.075,2.668,0.314,0,78.88239406,3.46355609,3.905287713,1.251901327,3.553683619,0.327399967,9.038272626,82.52651409,0.407836093,1.326738376,82.75378624,65,-1.7,10.8633264324324,50.31903,"W S"
1.561,5.147,1.08,0.004,55.28639557,8.975536297,3.436512916,17.66018687,6.841950236,2.040860767,29.97951079,34.28495957,0,0,64.26193186,65,-1.60689180450817,11.0706658378378,50.487365,"W S"
0.993,3.291,1.215,0,52.54595072,5.113251174,5.574776753,11.66099118,11.65913428,4.818850596,33.71375281,51.11834073,0.072622244,1.124501714,57.73182414,65,-1.8347585192152,11.4984465675676,50.39345,"W S"
0.713,2.298,0.352,0,68.81698886,3.862561298,1.332490615,9.670675997,1.97015061,5.398551461,18.37186868,17.97662111,0.131133108,0.792179749,72.81068326,65,-1.3,11.3017636216216,50.104034,"W S"
0.61,3.972,0.645,0,53.5144011,3.504933889,2.249239013,6.590093639,10.73702142,0.591195594,20.16754966,64.39186042,0,1.928638167,57.01933499,70,-2.00561420360872,11.5124945945946,50.09958,"W S"
0.096,1.868,0.316,0.015,40.27768924,10.20096436,3.295809839,17.09759297,8.148826318,1.325408503,29.86763763,38.31784857,0.103441466,0.621144492,50.58209506,75,-2.37064690133531,12.0033027837838,50.440203,"E S"
0.662,2.689,0.446,0,52.4509739,6.690642971,6.738773976,13.82665904,3.990948826,5.527989823,30.08437167,35.66543759,0,0.633868355,59.14161687,65,-1.4,11.3010002702703,50.509306,"W S"
0.792,3.382,0.13,0,48.81545286,0.748692253,5.588241981,26.82961342,15.95786948,0.166742746,48.54246762,44.38610667,0,0,49.56414511,90,-2.1,12.1834742162162,49.724199,"E S"
1.616,2.617,0.718,0.013,25.06848613,7.56091236,3.498217912,34.54201684,11.24477526,3.716251511,53.00126152,27.81630615,0,1.512803153,32.62939849,75,-2.12763131502251,11.7969474054054,50.454944,"W S"
0.51,2.52,0.791,0,68.19412802,3.014734366,7.542377476,10.40609619,4.171699354,0.902649109,23.02282213,50.88028203,0.12951353,0.489404846,71.33837592,60,-1.596285352325,10.8769486486486,50.629788,"W S"
3.205,3.276,0.846,0,22.36547795,10.60825165,5.82472238,39.2311717,3.285616714,10.74666379,59.08817458,15.41821043,0.065600836,5.926155895,33.03933043,65,-1.57615083700883,11.2674718648649,50.817357,"W S"
0.94,3.699,0.212,0,22.63223634,11.70429467,5.217206131,40.22993074,6.910656085,10.80027528,63.15806824,19.20239576,0,0,34.33653101,110,-3.4,11.8759903243243,49.48366,"E S"
0.454,4.3,0.185,0,64.57287924,1.931496209,5.549228522,3.598106043,17.66082045,0.182828356,26.99098338,85.99186126,0.172698656,2.252367492,66.6770741,100,-2.39463160533272,11.6761178378378,49.795865,"W S"
1.074,2.9,0.276,0,32.22804898,11.56073057,3.391168307,27.81215097,8.227723941,9.994438745,49.42548197,23.50789873,0,0.104113493,43.78877955,100,-2.76659680738858,11.8843934054054,49.617496,"E S"
0.759,4.288,0.08,0,27.8164065,1.69411983,2.883198037,49.67906872,7.984179441,4.297348289,64.84379448,16.75931763,0,0.136490522,29.51052633,120,-2.63242046357286,11.757204027027,49.601129,"W S"
0.192,1.802,0.108,0.002,54.47132289,8.783314849,4.047930645,19.61454807,2.628899728,2.256377062,28.54775551,23.38828484,0.027910765,0.5131327,63.28254851,75,-2.25367262104166,12.0073899459459,50.740588,"E S"
0.506,2.304,0.144,0,48.41685159,6.358431286,3.198307037,10.9646083,4.92554477,3.666550695,22.7550108,35.7013753,0.184712474,8.016613242,54.95999535,85,-2.42347661126697,11.8406380810811,50.030458,"E S"
0.844,2.964,0.694,0,51.02922661,9.579544029,4.412830996,10.68695473,6.726753782,2.872103733,24.69864324,45.10201095,0.052142653,1.12549403,60.66091329,65,-1.554136003535,11.0959726756757,50.676298,"W S"
0.109,2.543,0.078,0.004,69.33952983,2.887663292,3.361059884,4.527027344,15.79851432,0.604810602,24.29141215,78.87385915,0.055513671,0.148793295,72.2827068,85,-3.01864710326361,12.7803441081081,49.909379,"E S"
0.113,1.359,0.174,0.007,70.99470002,9.401262927,0.769923814,7.835433135,5.856877819,0.842432107,15.30466687,43.29922165,0,0.545131605,80.39596294,85,-2.4,13.0142603243243,50.158129,"E S"
0.066,1.453,0.112,0,68.60928049,2.392512938,9.205295897,7.139666542,7.994619847,0.219014908,24.55859719,70.03623052,0,0.277138746,71.00179342,85,-2.99948891571453,13.2738743783784,50.000945,"E S"
0.856,1.839,0.054,0.006,46.93088046,7.837334768,14.18765964,6.485342103,21.06672892,0,41.73973067,84.46242465,0,0,54.76821522,95,-3.23001618281089,13.1704769459459,49.593126,"E S"
0.149,1.87,0.081,0,69.76067829,1.923482348,8.149580998,4.955742625,10.29942735,0.186317785,23.59106876,78.20335966,0,0.206831107,71.68416063,85,-3.2,13.0604051621622,49.900969,"E S"
0.673,1.429,0.114,0,31.0578801,13.21402169,6.202882589,25.05276881,19.47682966,0.723582346,51.45606341,49.90609571,0,1.151925416,44.27190179,105,-5,12.5584885945946,49.436578,"E S"
0.068,2.308,0.266,0,63.29927054,3.989398563,6.576260875,5.688202949,6.602453792,0,18.86691762,69.85091542,0.002852855,0.291534287,67.29152196,75,-2.7,12.2664383243243,50.11854,"E S"
0.265,2.503,0.094,0,58.6711594,2.120565342,3.634047572,20.06030946,13.71301822,0.093828684,37.50120393,46.25735703,0,0,60.79172474,85,-3.17940059279381,12.6151313783784,49.682988,"E S"
2.319,1.627,0.22,0,22.89064851,14.80161791,15.1348785,17.78019277,28.12490928,0,61.03998055,70.87123454,0,0.783890166,37.69226641,100,-2.9,13.1531616756757,49.522772,"E S"
0.003,1.046,0.057,0,83.12440519,4.997126536,2.958528591,1.641954628,2.666578285,0.014622404,7.281683908,77.25008317,0,0.257157216,88.12153173,75,-2.7,12.4839685945946,50.280137,"E S"
0.171,2.675,0.166,0,62.213009,3.139979598,4.814904988,13.75580577,9.101528505,0,27.67223926,50.29023261,0,0.830885665,65.3529886,85,-3.05806665235517,12.3976147837838,49.81415,"E S"
1.834,3.006,0.39,0,46.65446388,0.46587733,10.92887112,18.11972517,21.42905455,0,50.47765083,64.10346982,0,0,47.12034121,100,-3.24010419555702,12.9668896486486,49.554816,"E S"
0.358,1.577,0.393,0,48.39740377,17.14324615,6.149868183,14.5570866,8.537887014,0,29.24484179,50.22340453,0,0.555872289,65.54064992,75,-2.3,12.6009988108108,50.022828,"E S"
0.325,1.269,0.08,0,35.32945704,28.2516335,0.508890834,24.77631386,3.90840649,0.82612612,30.0197373,14.7146435,1.52873355,0.003940347,65.10982409,105,-3.24086370958226,12.3429015135135,49.468077,"E S"
1.953,2.68,0.192,0,17.52047662,3.033833273,33.78955644,4.11036154,37.2547256,0,75.15464358,94.53079498,0,0,20.55430989,110,-3.34084330758467,12.9148561891892,49.412198,"E S"
0.196,1.97,0.067,0,59.59351855,0.933468924,5.876518163,8.063736574,16.12941982,0.062421901,30.13209646,73.03155296,0.037682124,1.876729174,60.5646696,90,-3.19357516747552,12.8393403513513,49.635105,"E S"
1.457,1.607,0.125,0,12.34362022,7.182178367,20.20679852,15.54807692,38.68086591,0,74.43574134,79.11208159,0,3.464361457,19.52579859,105,-3.82892329324975,13.8859590810811,49.309387,"E S"
1.435,2.442,0.463,0,24.78530072,12.24370434,14.48985746,23.12216303,24.5261511,0,62.13817159,62.78911587,0,0,37.02900506,100,-3.5,14.0334071081081,49.63677,"E S"
1.462,2.172,0.301,0,20.76174891,12.01452849,26.19909547,9.555684873,28.41354337,0.109749673,64.2780734,84.96309233,0,0.677165187,32.77627741,105,-3.83638805581336,14.0288195405405,49.448937,"E S"
0.247,2.51,0.135,0,58.04211378,4.470551066,14.21685416,5.982951101,12.69501188,0,32.89481714,81.81187305,0,0.060525666,62.51266485,95,-3.48282008353444,13.7637892972973,49.680513,"E S"
1.76,0.938,0.132,0,3.454883471,1.678384558,41.63886926,16.65462579,34.0071293,0,92.30062435,81.95610712,0,0,5.133268029,105,-3.89362119603929,13.8755991351351,49.203606,"E S"
0.689,2.089,0.157,0.007,54.96311293,5.508880732,8.05448476,10.66377331,15.75402316,0.086280038,34.55856127,68.8932266,0,0,60.47199366,100,-3,13.4818851351351,49.601093,"E S"
0.775,3.852,0.334,0,41.39466059,1.963083778,10.65559306,18.13829354,25.73262594,0,54.52651254,66.73490987,0,0,43.35774436,95,-3.49954026931782,13.8427818648649,49.746814,"E S"
0.49,2.848,0.217,0,58.60721136,10.57140417,2.438959884,10.00691288,11.6320547,0.147320134,24.2252476,58.08408987,0,0.219344979,69.17861553,85,-2.9,13.6251627027027,50.166034,"E S"
0.071,1.951,0.151,0,74.03975701,5.389991613,7.13018984,1.683822879,6.492158003,0.109484999,15.41565572,88.36696985,0.037513837,0,79.46726246,85,-3.47015363073541,13.9578241351351,49.948169,"E S"
0.293,1.865,0.207,0,10.3794512,8.836916459,18.21456478,6.566739989,0,0,24.78130477,73.5012339,0,100,19.21636766,85,-3.05961166856039,13.6159738918919,50.293422,"E S"
0.061,1.071,0.033,0,69.87293818,6.091698214,6.978661194,5.091162257,6.4144957,0.09996259,18.58428174,72.06712145,0,0.0950244,75.96463639,90,-3.17997081973771,13.3096176216216,49.726363,"E S"
1.902,1.548,0.225,0,11.22388081,10.30687216,31.32539785,23.80709719,19.81491268,0.420359853,75.36776758,67.8543523,0,0,21.53075297,105,-3.6,13.7402304594595,49.292893,"E S"
0.446,2.692,0.459,0,56.32703709,5.319033229,14.52785217,4.000765089,11.72716758,0.041546843,30.29733167,86.65786157,0.355656757,0.14448204,62.00172707,100,-3.68492521994901,14.1283610540541,49.80005,"E S"
0.719,1.816,0.177,0,45.35623104,6.332131725,13.21598075,12.63775023,18.80789088,0.138408772,44.80003062,71.48180744,0,1.095231309,51.68836277,105,-3.6707434606731,13.8164704864865,49.464021,"E S"
0.18,2.655,0.254,0,55.31017226,11.46950687,1.740910636,15.28017628,10.45451862,0.240923669,27.71652921,44.0005643,0.063560237,0.105801696,66.84323936,85,-3.31246081164606,13.9155389459459,50.219395,"E S"
1.961,0.988,0.157,0,4.733004074,11.04448419,33.05596502,14.12362547,29.90786673,0,77.08745722,81.67843904,0,0.566551705,15.77748827,105,-3.98437329157207,14.0469447837838,49.247901,"E S"
0.473,1.889,0.158,0,46.19529608,6.085789251,2.39019395,28.84099606,9.27018146,0.387222338,40.8885938,28.51742827,0.08982339,0.250572269,52.37090872,85,-2.89976238118444,13.3814820540541,50.352732,"E S"
0.739,2.165,0.381,0.024,35.32600281,8.525625323,2.701856824,41.75760152,8.21735797,0.99948587,53.67630219,20.34271056,0,1.019221118,43.85162813,90,-3.69343511598824,14.441792,50.321001,"E S"
1.326,3.795,0.326,0.014,40.1762102,14.28441107,7.264648993,10.11968811,24.38522139,0.487311604,42.25687011,74.89875684,0,0.069114122,54.46062127,90,-3.61653253904174,14.2850103243243,50.187546,"E S"
1.175,2.239,0.204,0,32.4705013,14.58242376,16.22974994,17.23177838,16.55107969,0,50.01260801,65.54513139,0,0.262657385,47.05292506,105,-3.51291372933172,13.6264799189189,49.494741,"E S"
1.036,3.337,0.492,0.008,46.79410041,13.80188201,4.499404603,8.478049074,23.45988288,0.683441064,37.12077762,75.3197785,0,0.193953134,60.59598242,85,-3.2,14.0849967297297,50.176239,"E S"
0.081,2.699,0.082,0,72.43394468,2.646363095,6.469387284,3.276817033,9.655339581,0.013883834,19.41542773,83.0511029,0,0.115564226,75.08030777,85,-3.18935019025049,13.5714092162162,49.934936,"E S"
1.876,0.527,0.422,0,0.001362403,2.630493866,43.93395593,11.77870693,24.02393217,1.862981213,81.59957624,83.2821581,0,0,2.631856269,105,-4.12332820226001,14.1530792162162,49.137581,"E S"
0.208,1.208,0.214,0.002,60.06093116,5.291998511,2.457407891,18.05241306,9.991424197,0.687479546,31.18872469,39.91452748,0.086219029,0.144470464,65.4391487,85,-2.90682899357554,13.3301640810811,50.255508,"E S"
2.3,1.169,0.086,0,4.720011407,6.429996738,41.90193792,10.91104864,35.21150781,0,88.02449437,87.60453131,0,0,11.15000814,105,-3.95841697874022,13.9468375945946,49.181848,"E S"
1.065,2.915,0.671,0.014,39.71327018,14.63071956,8.904685977,14.26246749,18.6378348,1.072620744,42.87760901,64.2352067,0,0.211505018,54.34398974,105,-3.7,14.4577546216216,50.144383,"E S"
0.55,2.222,0.409,0.011,56.81195743,13.20911691,6.342339973,6.00158354,10.93242172,0.292487739,23.56883298,73.29493876,0.212858977,1.186321541,70.23393331,100,-3.64818954865986,14.2281120540541,50.010976,"E S"
0.15,1.327,0.399,0.003,53.43562892,16.3879115,3.827253151,16.45842594,5.780884881,0.442725265,26.50928923,36.24441963,0,0.20675059,69.82354042,85,-3.66381184421108,14.397586,52.056228,"E N"
0.461,1.58,0.231,0.019,48.55720199,9.42770139,3.166491229,32.00228962,3.752621194,0.422484883,39.34388693,17.58624519,0.162058486,0,58.14696187,85,-3.34824413071184,14.0669460810811,50.54855,"E S"
0.396,1.055,0.182,0,43.41555344,9.721275048,2.00137667,18.34162787,12.03713607,0.938867165,33.31900777,42.13364586,0.577518087,1.172132308,53.71434657,85,-2.93219178165606,13.4968071621622,50.495304,"E S"
0.077,1.446,0.262,0.028,66.90478293,12.42973904,3.672504091,1.93313699,10.19559642,0.189077302,15.99031481,86.72812689,1.498818302,0.316296547,80.83334027,85,-3.6830993349395,14.5746499459459,51.122774,"E S"
0.431,1.667,0.187,0.032,54.29684386,5.512936564,6.774857549,24.19669224,4.069444623,2.001168748,37.04216316,29.27556397,0.323111692,0.788805627,60.13289212,85,-3.04862023500729,13.6964222972973,50.806662,"E S"
0.604,2.126,0.238,0.025,42.88446835,8.798025928,2.154738243,39.15959609,2.88324369,0.489614976,44.687193,11.27388318,0.117908732,0.205665492,51.80040301,85,-3.57459440921144,14.3226899189189,50.411699,"E S"
0.015,1.382,0.125,0.003,73.79616728,7.495746545,3.725956767,2.274575501,9.504295442,0.015481825,15.52030953,85.24477028,0.166373153,0.114331586,81.45828698,85,-3.8,14.2793349189189,50.940573,"E S"
0.103,0.962,0.135,0.003,65.94103373,3.867390978,6.252992526,8.624606506,6.104217564,0.250462254,21.23227885,58.20011209,0.09786174,0.44425465,69.90628644,85,-3.11770145916622,13.760279,51.073839,"E S"
0.13,1.989,0.357,0.014,48.33849121,20.68081107,6.147258276,16.5247144,3.998900081,0.371820575,27.04269333,37.51903788,0.001203183,0.000480006,69.02050546,85,-3.6,14.5830244324324,52.0038,"E N"
0.15,0.878,0.242,0.004,60.50821669,16.09049768,5.857598928,9.451071935,5.148673317,0.249896023,20.7072402,53.1518065,0.124431459,0.58562134,76.72314582,85,-3.36235248672233,14.0211847837838,51.529154,"E S"
0.179,1.18,0.325,0.033,49.77496795,17.08192239,5.986423379,16.43739324,7.592071351,0,30.01588797,45.23769127,0.046591115,0.605696444,66.90348146,85,-3.55118718072738,14.2439379189189,51.941747,"E S"
0.19,0.975,0.301,0.039,49.8306573,18.21116291,4.305897767,13.07287835,8.14590526,0.063511498,25.58819288,48.66229939,0.934998185,3.793880934,68.97681839,85,-3.51872125007929,14.2888444864865,51.497642,"E S"
0.072,2.007,0.13,0.022,75.71101107,7.589261233,3.553238764,0.783691285,9.86631215,0,14.2032422,94.48230711,1.408876089,0.045012028,84.7091484,85,-3.93097095006731,14.8272340810811,50.638173,"E S"
0.168,1.732,0.232,0.008,61.26569958,8.603555127,7.480105673,9.340262268,6.361356016,1.28631027,24.46803423,56.56956975,0.097004309,0.664228535,69.96625901,85,-3.1,13.6945058378378,51.49067,"E S"
0.014,1.123,0.219,0.004,57.15307941,19.62697029,6.773552404,5.056469118,8.010709504,0,19.84073103,74.51470356,0.073491135,0.64774246,76.85354084,85,-3.4,14.105283972973,51.798995,"E S"
0.62,2.123,0.373,0.011,43.99135176,11.43505946,2.302794511,28.21731483,5.888999073,0.612135703,37.02124412,22.12727794,0.054368918,0.444932711,55.48078014,85,-3.00704879117098,13.6310737027027,50.61275,"E S"
1.048,1.933,0.655,0,39.90997439,13.33702186,2.02761581,26.98928555,11.89718991,1.236603596,42.15069486,33.03576789,0.056758483,0,53.30375473,85,-3,13.8048772432432,50.423747,"E S"
0.071,1.122,0.271,0.009,61.43559624,13.57847696,5.080644979,12.47383905,3.998778963,0.229053889,21.78231688,41.68254458,0.033997267,0.05870713,75.04807046,85,-3.55305768684827,14.1778048378378,52.234126,"E N"
0.534,2.162,0.435,0.117,36.08907533,11.80121653,7.303735967,24.96132226,13.92166678,1.033789006,47.22051402,44.9495377,1.97038572,0.607842711,49.86067758,85,-3.6,14.6094992972973,51.409284,"E S"
0.05,2.068,0.197,0.019,73.28129508,8.882598064,3.318396409,1.811518252,9.64312599,0.031665136,14.80470579,87.55001677,0.293556764,0.083105266,82.45744991,85,-3.7,14.7932232972973,50.902373,"E S"
0.015,1.124,0.063,0.002,80.40796482,4.33152442,4.634839381,1.793296226,3.353872924,0.018357923,9.800366453,81.51442441,0.138754433,0.286312622,84.87824367,85,-3.2,14.0469777297297,51.151195,"E S"
0.187,2.099,0.23,0,70.08953574,9.871090532,4.481427834,6.497629331,5.740356788,0.125100114,16.84451407,60.68316712,0.727054197,0.611604713,80.68768047,85,-3.84839787288767,14.6874456756757,50.477663,"E S"
0.23,1.621,0.294,0.025,46.04118085,18.97975376,5.143362991,11.17582976,15.26329952,0.093457109,31.67594937,64.42320723,0.224332952,0.784370206,65.24526756,85,-3.6667091341786,14.4960104594595,51.647183,"E S"
0.316,1.722,0.203,0.007,51.75143064,10.07625924,2.616128236,20.67129411,8.702227191,1.807609653,33.79725918,33.48897425,0.139626164,0.693252169,61.96731605,85,-3.7,14.2765220810811,50.667192,"E S"
0.45,0.91,0.162,0.018,48.29655314,3.37132459,3.800871503,33.24274255,7.791190267,0.289300415,45.12410473,25.68928921,0.425554742,1.408980303,52.09343247,85,-3.6,13.9029231351351,50.75345,"E S"
0.195,2.168,0.171,0,51.54330209,12.44277271,1.004430192,22.67988241,2.830996296,1.290138288,27.80544718,13.79379538,0.291004478,0.527789682,64.27707927,75,-2.4,11.9821514864865,51.318906,"E S"
0.062,1.374,0.213,0,66.92387969,9.866140592,4.409839955,10.4208178,3.512632693,0.113999566,18.45729001,42.92327121,0.299746621,0.817067575,77.0897669,65,-2.42887509753117,12.2915207567568,51.91157,"E S"
0.334,3.389,0.841,0,53.99390478,4.579586756,2.830954661,31.0682361,1.795362666,1.418511001,37.11306443,12.46546842,0.666560998,0.852398158,59.24005253,75,-2.3,12.1092631621622,52.449259,"E N"
0.02,1.249,0.112,0.004,84.0714493,7.889660451,2.054701309,1.641728436,1.257924107,0.122779076,5.077132929,65.24598554,0.642539764,0.682346554,92.60364952,75,-2.3,11.8583064324324,52.291444,"E N"
0.221,0.259,0.221,0,61.47576539,8.102380816,2.213139854,18.79639554,3.423722708,0.541143924,24.97440202,22.57056067,0.059725117,0.241320151,69.63787133,75,-2.2,11.9900939459459,51.577287,"E S"
0.182,1.952,0.29,0.008,53.59275445,10.33126598,1.383231997,28.59531275,1.620025534,1.441942945,33.04051323,9.089621309,0.400682584,0.878996448,64.32470301,75,-2.35734722258845,12.2614989189189,51.277505,"E S"
0.074,1.365,0.392,0.021,70.26838813,5.109508972,4.961121597,10.38299403,4.778079833,0.034568871,20.15676433,48.3172858,0.465798926,0.61459894,75.84369602,70,-2.53467207830882,12.3242180540541,52.394407,"E N"
0.294,1.255,0.153,0.005,52.59458333,13.31181453,2.207310305,21.02361993,8.145075498,1.002097832,32.37810356,31.97341618,0.105941233,0.366385247,66.01233909,75,-2.47972525270546,12.5611733783784,51.396652,"E S"
0.135,2.837,0.324,0,70.02081361,10.41159717,0.905878769,6.515721873,8.964227008,0.058689477,16.44451713,60.02064822,0.096029999,1.855493724,80.52844078,75,-2.1922938411698,11.8108108108108,52,"W N"
0.396,2.003,0.281,0,69.50656743,8.505293502,2.657780513,9.790480108,4.345929351,0.149784883,16.94397485,41.33451521,0.118271677,0.962630943,78.13013261,75,-2.36350173114595,12.2711688648649,51.454039,"E S"
0.007,0.962,0.081,0.001,80.11809889,5.070724118,2.719063059,6.163412202,1.837602772,0.014584146,10.73466218,42.44815305,0.224171208,0.141910783,85.41299422,75,-2.6,12.394907,52.684554,"E N"
0.027,1.469,0.197,0.02,71.70940867,6.609985863,6.781546124,7.190353734,2.275497279,0.52860033,16.77599747,53.98810665,0,0.084166073,78.31939453,65,-2.61519682477728,12.6199986756757,52.152294,"E N"
0.089,1.066,0.186,0.004,56.3558377,13.2747577,2.559352607,19.62108516,2.757753367,0.696829936,25.63502107,20.74157052,0.398901869,0.337971144,70.02949727,75,-2.31356508538914,12.1618654054054,51.072338,"E S"
0.105,2.487,0.121,0,69.38946298,8.682393404,1.021991383,11.79938183,2.78707893,0.527953799,16.13640595,23.60544427,0.828010914,1.271342244,78.8998673,75,-1.9,11.6444518108108,51.600106,"W S"
0.758,2.087,0.329,0,47.0743206,7.440137621,3.66966422,27.7671433,7.90174667,1.025712972,40.36426716,28.66746185,0.132245712,2.434455877,54.64670394,75,-2.44639266340852,12.4694083513514,51.401804,"E S"
0.009,1.047,0.126,0.003,71.31895295,5.502083407,4.556503163,8.585663084,3.427228757,0.180678427,16.75007343,47.66386221,0,0.304859056,76.82103636,65,-2.4,12.588268,51.945753,"E S"
0.793,2.673,0.568,0,52.3877957,5.566517861,6.700385094,24.72094539,7.697112941,0.789690009,39.90813344,36.07660092,0,0.009918338,57.95431356,65,-2.5,12.547599027027,51.641876,"E S"
0.251,2.399,0.166,0,64.08540547,9.219594723,1.087928208,20.54442018,1.620891167,0.838937519,24.09217708,11.24356411,0.083031434,0.025834655,73.38803163,75,-1.86316455697956,11.6335317837838,51.237811,"W S"
0.134,1.859,0.163,0,69.42162242,7.627329877,1.510804917,13.60342679,5.584500558,0.66602654,21.36475881,33.21032331,0,0,77.0489523,75,-1.86600905746636,11.5630131621622,51.520627,"W S"
0.045,2.567,0.375,0.012,63.3583782,3.86629677,2.85995897,4.837062694,9.153064687,0.153114956,17.00320131,70.6515405,0,0.256928546,67.22467497,75,-2.2,12.0759349189189,51.829442,"E S"
0.594,2.781,0.15,0.009,38.37896293,11.13467156,2.719353608,38.69990865,4.961565528,2.42970484,48.81053263,15.73619201,0.105010363,0.561868567,49.61864485,75,-2.6,12.4318636486486,51.078452,"E S"
0.119,1.024,0.565,0.01,77.99088853,3.925089391,2.213763989,0.737077072,11.86273241,0.462656663,15.27623014,92.1464018,0.084900107,1.201455971,82.00087803,90,-3.06517860582052,12.9869263783784,54.167881,"E N"
0.036,0.979,0.237,0.006,73.91616667,9.147377747,2.798606953,9.392708299,2.821100867,0.094237015,15.10665313,37.20021748,0.273293192,0.0697329,83.33683761,80,-2.7,12.7161218918919,52.886283,"E N"
0.345,3.147,0.831,0,70.29767383,4.369506739,4.694549206,2.17976643,12.66606923,0,19.54038486,88.84481322,0.531456364,4.080584261,75.19863693,85,-2.4,12.3019534324324,53.944978,"E N"
0.089,0.972,0.289,0.016,56.55167942,22.22718355,4.672850421,11.4757366,1.593637367,0.762497949,18.50472234,33.86426272,0.777852641,0.090262015,79.55671561,85,-2.72576254192323,12.5167591351351,53.034652,"E N"
0.545,2.002,0.664,0,47.92955466,6.08110139,1.55691965,16.76597472,14.86238064,0.115088924,33.30036393,49.30666922,0.265672639,5.612114085,54.27632869,95,-2.9652168895379,12.8209695675676,53.769671,"E N"
0.613,2.288,1.11,0.02,67.63678012,6.317839961,5.702284607,4.334176715,14.02146387,0.668688799,24.72661399,79.76728429,0.203208884,0.288543805,74.15782897,85,-2.9,12.7212484054054,54.262305,"E N"
1.198,4.457,1.064,0.01,57.11122283,9.429854573,3.618727401,16.30445356,7.228147404,0.17609186,27.32742023,39.69227507,0.54081466,4.021256926,67.08189206,85,-2.7,12.2040387027027,53.543029,"E N"
1.83,1.926,0.779,0.01,12.41535426,9.470627783,3.858924267,64.67058344,3.793603532,0.190092333,72.51320357,10.55328881,1.308013343,3.6998414,23.19399538,95,-2.98886471522163,12.853600972973,53.493684,"E N"
0.418,2.034,0.543,0.007,59.59901826,5.347592485,2.780790928,15.84712041,9.374950816,0.274993243,28.2778554,42.98678798,0.175002085,3.751817813,65.12161283,85,-2.77765874896987,12.6116378648649,53.88162,"E N"
0.489,2.181,1.302,0,70.80667692,3.310831038,4.996657603,9.440853063,9.115905437,0.481018851,24.03443495,58.71809787,0,0.267799294,74.11750795,85,-2.6277442189046,12.5053157027027,54.167301,"E N"
0.441,1.888,0.499,0.015,56.4628981,10.92074289,3.101744583,21.42703535,4.515277978,0.121777265,29.16583517,26.11625046,0.657085762,1.387593563,68.04072675,85,-2.9,12.4101162162162,53.257789,"E N"
1.289,2.891,0.701,0.008,41.89861596,4.903837838,5.198572145,26.08653744,8.802359074,0.004660247,40.09212891,34.92189514,0.227125321,9.872385687,47.02957912,85,-2.54839028137683,12.3264987837838,53.744072,"E N"
0.445,2.031,0.472,0,69.73261767,3.344976484,6.587560604,0.377680072,18.48076424,0.101829418,25.54783434,98.12309144,0.183093292,0.259821927,73.26068744,85,-2.45994421081106,12.3181901891892,54.099342,"E N"
0.71,1.929,0.465,0.003,62.09493492,3.87481188,3.63405047,10.32844118,11.55767844,0.429726704,25.94989679,58.54254079,0.258832409,6.282688615,66.22857921,100,-3.5,13.179363027027,53.872486,"E N"
0.08,1.146,0.166,0.047,28.19346244,39.92294185,1.576233534,26.13117663,1.94393103,0.509301311,30.1606425,11.67138453,1.019599568,0,69.13600386,95,-3.2,13.2809913243243,53.323423,"E N"
0.839,2.178,0.548,0,56.94930982,9.857957261,2.946478037,24.4624525,3.51300036,0.231054031,31.15298493,20.73470139,0.349030771,0.745385372,67.15629785,95,-2.88341713198945,12.7140108648649,53.381954,"E N"
1.758,2.059,0.838,0,18.43031078,3.482878156,4.808572624,51.36132031,11.99119187,0.047235336,68.20832014,24.63008099,0.280484186,8.871977349,22.19367312,95,-3.1,12.7257097837838,53.619615,"E N"
0.762,1.955,0.466,0.005,64.57142129,5.548684698,5.530313797,12.36243674,7.225792292,0.49348301,25.61202584,49.80514298,0.443017837,3.35940638,70.56312382,90,-2.7324706972889,12.5162997567568,53.533617,"E N"
0.074,0.587,0.113,0.002,46.60606476,21.8780882,2.525479215,22.88154714,3.180052637,0.245427257,28.83250625,19.78853938,0.010847466,0.073161098,68.49500043,90,-3.1,13.4078120810811,53.032617,"E N"
0.124,1.249,0.112,0.004,57.06919582,14.45239004,4.557882835,20.08455548,2.013857371,0.714463188,27.37075887,24.01007673,0,0,71.52158586,90,-3.1,12.9460765135135,53.096543,"E N"
0.743,2.706,0.352,0,25.65938746,19.6028755,4.685264504,36.53591907,10.99122113,0.670756313,52.88316102,29.64362442,0,1.266119563,45.26226296,95,-3.2,13.2596672162162,53.531092,"E N"
0.348,2.571,0.672,0.017,75.95518905,5.677908893,7.499001314,1.570178982,6.420534482,0.190123805,15.67983858,88.77346359,0.304666395,0.738927423,81.93776434,100,-2.8,13.2480298378378,54.152137,"E N"
1.643,3.458,1.063,0,23.23921781,3.420118522,7.537073982,48.96955452,12.05188813,1.324044632,69.88256126,28.03125952,0,2.82470308,26.65933633,85,-2.70466701731324,12.5039692702703,53.715443,"E N"
2.568,2.584,0.704,0.01,31.94229777,3.409518128,2.830865313,38.46654119,13.76041578,0.462278278,55.52010057,29.88337724,0.566482499,8.340206896,35.9182984,100,-3.17125246463943,13.1095151351351,53.764432,"E N"
0.705,3.515,1.063,0.013,62.07892184,4.065368373,4.430948271,12.48223347,10.88010587,0.855065302,28.64835291,53.44479729,0.574636896,4.3522707,66.71892711,85,-2.33017634547926,12.0506206216216,53.730363,"E N"
0.795,2.393,0.515,0,21.05500187,19.28410668,7.143394146,41.45063,5.351116605,0.132619434,54.07776018,23.10471201,1.190808762,2.958916857,41.52991731,95,-3.10654475758674,13.0346246486487,53.464973,"E N"
0.471,2.344,0.729,0.018,52.31723517,6.032494862,2.435344784,26.16638082,9.911317714,0.687573049,39.20061637,31.49609277,0.140631528,1.22119326,58.49036156,85,-2.83383161326511,12.699611,54.048138,"E N"
0.794,1.781,0.653,0,16.30274706,22.14467773,3.392064992,53.00628688,3.341813889,0.685520796,60.42568656,11.14406681,0.04385659,0.030405831,38.49128139,95,-3.2,13.0090219189189,53.394696,"E N"
0.746,3.428,0.62,0.006,58.28428836,6.595533692,2.120053592,15.0292653,12.71965728,0.040611805,29.90958798,49.61523003,0.285690867,3.998771767,65.16551292,95,-3.3,12.9469318648649,53.824441,"E N"
0.671,3.695,1.244,0.023,65.62328314,5.64362421,10.37857101,3.053150137,12.94263643,0.037970764,26.41232835,88.29667396,1.017144311,0.262325367,72.28405166,85,-2.48948492804416,12.4038639459459,54.33103,"E N"
0.313,1.205,0.271,0.007,36.84645015,31.72720943,2.566881668,22.98367175,4.136923511,0.726416858,30.41389379,22.04191685,0.155783097,0.19376781,68.72944267,90,-3.11266356876966,13.1297837297297,53.112093,"E N"
0.809,1.741,0.769,0.007,53.54841227,7.508176807,2.771050067,25.32762226,3.664851255,0,31.76352358,20.26192499,0.03592739,6.085949976,61.09251647,95,-3.1152639579468,13.028488,53.65592,"E N"
1.36,3.129,0.705,0,37.40920427,5.264145256,2.003602884,47.55687146,4.725643869,0.242071489,54.5281897,12.34085854,0.322567116,2.205592319,42.99591664,95,-2.76740969979988,12.5709918918919,53.657995,"E N"
1.653,3.373,1.276,0,26.49314425,2.924470352,0.533955266,62.0807071,5.594002655,0.192129579,68.4007946,8.958898733,0,1.756998207,29.4176146,65,-1.65608376331098,10.051552,53.089843,"W N"
0.187,2.924,0.54,0,73.59603488,5.245128463,4.201277547,7.970065541,4.973142286,0,17.14448538,53.51236641,0.255359521,1.962258247,79.09652286,65,-1.81037906654891,10.6583641081081,52.826016,"W N"
1.136,6.033,1.358,0,29.92737213,6.504727183,3.584090461,56.19214373,0.713598223,0.202552202,60.69238462,7.081100391,0.016434644,1.313716073,36.44853396,75,-1.88629422025968,10.3785237297297,53.415889,"W N"
1.427,5.306,1.29,0,23.28763219,16.61837619,6.025025541,49.75205571,2.843987903,0.463639589,59.08470874,15.01067473,0,0.203675718,39.90600838,65,-1.4,10.0400227837838,52.952165,"W N"
1.344,4.77,1.202,0,46.73426909,5.137392777,5.038752359,33.83211637,3.173733594,0.670039658,42.71464198,19.22639538,0.539328669,0.294255521,52.41099054,75,-2.1,10.4609955135135,53.551904,"W N"
2.368,6.056,1.173,0,38.95403873,5.234711586,3.745369762,45.61393417,1.642672327,0.4361325,51.43810876,10.47480597,0,3.812970285,44.18875032,75,-1.70319092122449,10.0500998918919,53.324513,"W N"
0.5,2.044,0.639,0.008,48.65131553,17.00127996,3.960424686,21.17217597,5.494816724,0.228509991,30.85592737,30.64319311,0.074125656,1.95644314,65.72672114,65,-1.5,10.6066215675676,52.954485,"W N"
0.501,2.845,0.57,0,17.23614784,14.37019574,0.205326242,48.02246612,0.377932681,18.20956813,66.81529318,0.872942249,0,0.415842328,31.60634358,65,-1.57880782339133,10.0365404594595,52.811278,"W N"
0.745,4.155,1.012,0,44.71230573,10.86974605,1.961466503,38.12436614,2.590374435,0.46458441,43.14079149,10.55112987,0,0.054628545,55.58205178,65,-1.75177457937429,10.4089160540541,52.93428,"W N"
0.718,4.878,0.903,0,30.2236891,22.79899795,4.220978431,36.86162395,4.0583033,0.17330277,45.31420845,18.27082942,0.401484745,0.292562569,53.42417179,65,-1.68010146183529,10.1949862162162,52.976185,"W N"
1.024,4.064,1.066,0,38.12971582,4.487508871,4.774123966,40.78907684,4.734665929,0.387959237,50.68582597,18.7602544,0,3.428503184,42.61722469,75,-1.77586346774318,10.1969194594595,53.326546,"W N"
1.135,4.368,0.604,0,29.44294534,2.188344196,1.201530962,61.70451957,1.526736635,1.111931933,65.54471911,4.162452193,0.347935283,0.598882552,31.97922482,65,-1.57017043117773,10.1066997837838,52.717384,"W N"
0.415,4.565,0.809,0.011,55.16196535,16.40102632,6.998960127,13.51600645,3.950598714,0.126067248,24.59163253,44.52554675,0,1.049096614,71.56299168,65,-1.9273914552883,10.6217561891892,53.178257,"W N"
0.874,3.171,0.756,0,36.28950848,7.953576008,1.228770655,47.91591243,1.348651704,0.091918791,50.58525358,5.095204978,0,0.773215619,44.24308449,70,-1.83473425452991,10.4043359459459,53.167908,"W N"
0.644,4.1,0.748,0,51.59206071,9.376653615,3.949133776,26.29001957,5.827095478,0.053738652,36.11998747,27.06598185,0,1.669445795,60.96871432,75,-1.96709933074402,10.6210388378378,53.329565,"W N"
0.803,2.547,0.575,0,46.68802771,8.356954945,4.797313741,34.90155244,2.4976431,0,42.19650928,17.28805763,0.711897484,0.674836033,55.75688014,65,-1.65578498697253,10.2816943513514,52.814387,"W N"
1.243,3.09,0.945,0,41.45258017,4.872778185,2.87048777,42.02149673,5.851850835,0.664579093,51.40841443,16.96675282,0,1.751342785,46.32535835,75,-1.68861091238049,10.064984,53.209658,"W N"
0.622,4.373,1.48,0,58.61970333,6.979915389,7.867552276,21.3533984,3.456508062,0.254956526,32.93241526,34.38575716,0,0.581791565,65.59961872,75,-2.3,10.6373445945946,53.44826,"W N"
1.16,3.421,1.014,0,40.65302116,9.246380891,3.135430718,40.79652006,4.698093192,0.002616338,48.6326603,16.10753732,0.351498225,0.525960587,50.25090028,70,-1.73105498827057,10.2216338918919,53.104099,"W N"
1.368,3.606,0.808,0,22.3048672,3.050760944,2.645963721,69.17350009,1.86034111,0.157585991,73.83739092,6.103012003,0,0.801699338,25.35562814,75,-1.84973601219967,10.3560583243243,53.299264,"W N"
0.491,2.513,0.53,0,27.52202514,14.50901303,0.941685539,42.41218717,8.105270112,2.299622555,53.75876537,16.82880101,0.429309986,2.5959307,42.46034816,60,-1.54504770479044,11.0294417567568,51.492913,"W S"
0.16,3.212,0.376,0.004,63.71931205,5.675385596,1.943206117,9.60130099,8.692696735,0.179364547,20.41656839,52.09446881,0,1.130955553,69.39469765,65,-1.5,10.6026021621622,52.267284,"W N"
0.296,2.043,0.351,0,76.43882498,2.359573976,1.518434308,10.03067049,3.498263461,0.122966904,15.17033516,33.06912942,0.235266074,2.458276702,79.03366503,65,-2,11.0102939459459,52.464245,"W N"
0.345,4.508,0.506,0,59.49304719,10.481783,4.166891989,14.94756327,8.596854082,0.574557267,28.28586661,45.1241118,0,0,69.97483019,65,-1.4,10.2915793783784,51.636081,"W S"
0.124,1.414,0.196,0.007,59.51200839,13.40038719,0.378692249,20.98596056,3.197183045,0.921100417,25.48293627,14.03243039,0.097469801,0.003403338,73.00986538,70,-1.75392770042487,11.1665317027027,52.017045,"W N"
0.437,3.958,0.857,0,58.92430693,6.587354694,2.764492902,22.27083667,5.18443066,1.686138916,31.90589915,24.91364849,0.114868847,0.171988222,65.62653047,65,-1.44800049201462,10.1125380540541,52.240082,"W N"
0.362,2.73,0.575,0,72.77069211,4.623197895,4.43977272,9.097228792,5.75792905,0.043442795,19.33837336,52.73298628,0.034936655,0.267356495,77.42882666,65,-1.6,10.8647922162162,52.0339,"W N"
0.378,4.053,0.606,0,65.7580871,9.50862024,2.48732385,11.79174593,6.477671553,0.176153035,20.93289436,42.82730924,0.047797968,0.62838566,75.31450531,65,-1.43838604563738,10.3683751351351,51.833439,"W S"
0.052,0.935,0.161,0.001,65.99339097,10.38846589,2.530833045,6.931667962,3.505648102,0.622745221,13.59089433,44.41562858,1.666122911,2.179712868,78.04797978,70,-2.00937644389826,11.3965590540541,52.32345,"W N"
0.023,1.155,0.161,0,75.22477185,10.6562267,2.964544148,4.705514375,2.420852825,0.321214293,10.41212564,51.72235871,1.133560602,0.591830651,87.01455915,75,-2,11.6787945405405,52.233043,"W N"
0.266,3.226,0.515,0,73.2287524,4.774096688,2.452282762,7.009452167,3.662761698,0.13685062,13.26134725,46.11178899,0.101735664,0.949520118,78.10458475,65,-1.50088214176701,10.3855132432432,52.270042,"W N"
0.35,3.426,0.57,0,63.01959054,16.74669986,2.499524193,8.06659254,5.523996923,0.171141656,16.26125531,49.34133904,0.178555895,1.122599232,79.9448463,65,-1.5,10.2890245135135,52.065667,"W N"
0.262,3.21,0.351,0,67.23631029,8.3350369,8.234192812,7.739834523,2.82447383,0.192746494,18.99124766,58.23033242,0,0.062185004,75.57134719,65,-1.52995730599667,10.8546616486486,51.724059,"W S"
0.645,3.158,0.879,0,62.90044067,2.888216217,6.222767826,11.43928411,14.08378495,0.005556701,31.75139359,63.95483939,0,0.995788562,65.78865689,65,-1.6,10.6725246486486,52.638568,"W N"
0.331,2.354,0.611,0.005,56.83988004,3.353627902,1.48408331,32.39459548,2.945795852,0,36.82447464,12.02971449,0.064417345,0.425983558,60.25792529,65,-1.6,10.366463027027,52.630322,"W N"
0.279,4.069,0.542,0,74.79887195,6.412792619,3.155592042,6.215161818,5.259453193,0.078606383,14.70881344,57.21090468,0.175505878,0.358720683,81.38717045,65,-1.47776688132207,10.5933194864865,51.826735,"W S"
0.518,2.405,0.702,0,74.07077455,4.604547599,4.202417011,11.07757751,2.852948428,0.072777316,18.20572027,38.75356391,0.083595419,1.077496809,78.75891757,65,-1.52562006955035,10.1582862972973,52.529359,"W N"
0.274,2.485,0.298,0,57.03326237,7.913405272,0.450351444,25.19978327,4.877533663,2.036254195,32.56392257,16.36131242,0.042108054,0.432286715,64.9887757,60,-1.7,11.3540562972973,51.340781,"W S"
0.389,3.36,0.598,0,61.3221987,10.10148474,1.296067794,19.01253726,4.289413563,0.376127979,24.97414659,22.36505394,0,0.125266052,71.42368344,65,-1.52993908092422,11.0839076216216,51.265329,"W S"
0.118,2.718,0.269,0,75.77749053,5.763587619,1.250470808,5.52329749,7.587644872,0.248282373,14.60969554,60.49486558,0,0.076090996,81.54107815,75,-1.8,11.1208493513514,51.779773,"W S"
0.046,1.124,0.168,0.01,63.72401307,11.05182671,1.311997865,15.47473442,2.986315523,0.730870623,20.50391843,20.96337538,0.056323948,0.768928568,74.83216373,65,-1.99580939122415,11.533948,51.998261,"W S"
0.406,4.008,0.868,0,76.93366443,3.244833197,2.876339672,5.765563055,7.268318789,0,15.91022152,63.76189326,0.079992369,0.334713458,80.25849,75,-1.70742500897804,10.8358619459459,52.377746,"W N"
0.016,0.833,0.084,0,70.69488067,7.339699577,0.476156398,10.08693854,6.215205941,0.596619919,17.3749208,38.51161347,0.007072881,0.406990684,78.04165313,65,-1.77468943731279,11.3393984594595,51.761429,"W S"
0.38,4.569,0.729,0,59.03807538,8.522280027,1.873618501,19.48804733,6.761180314,0.220982392,28.34382853,30.46447591,0.172809639,1.653592712,67.73316505,65,-1.41802899811132,10.1604880810811,51.826208,"W S"
0.872,3.56,0.801,0,45.16548472,1.822490766,3.751988275,38.12165565,3.881098745,0,45.75474267,16.68261381,0.151260569,5.675233493,47.13923605,65,-1.53431867668102,10.0351747567568,52.648096,"W N"
1.104,3.225,1.139,0,47.53597922,3.45001558,5.862084889,13.15678008,6.814088164,2.421117213,28.25407034,44.86494477,0.794616344,1.431695993,51.78061114,65,-1.63662257653665,10.5472448918919,52.522008,"W N"
1.152,3.934,1.347,0,39.9701121,3.770258047,14.25511174,29.15797724,8.1494498,0,51.56253878,43.45123819,0.277621069,2.790479905,44.01799122,65,-1.4,9.45759813513513,52.940801,"W N"
1.085,3.432,1.085,0,36.11223132,7.437797434,8.156927243,30.81735092,12.82712483,0.229421926,52.03082491,40.33003917,0,3.661833443,43.55002875,65,-1.54776455490925,9.72811294594595,53.05268,"W N"
1.024,6.291,1.492,0,36.56886795,17.76392895,8.573578311,27.30804133,6.111977287,0,41.99359693,34.97094003,0,0.534328734,54.33279691,65,-1.4694531574034,9.31808510810811,52.719024,"W N"
1.21,2.315,0.92,0,27.47862282,3.472179934,3.762658684,57.13749869,6.738941505,0,67.63909888,15.52593154,0.110216197,0.662810674,31.06101895,65,-1.47288690107921,9.9309455945946,52.458211,"W N"
1.186,4.477,2.541,0,45.92163862,6.473413519,9.751708495,21.35122965,12.06106613,0.155280595,43.31928487,50.35349658,0.071917722,1.354876674,52.46696986,60,-1.3,8.93903827027027,53.007115,"W N"
1.286,3.277,0.937,0,34.16302264,11.53643566,6.373876487,35.34268418,8.716610821,0.11889345,50.55206494,29.85137665,0,0.472078482,45.69945831,65,-1.4473408673369,9.10178689189189,52.707669,"W N"
0.662,3.559,0.875,0,60.46001942,10.5608088,12.3722505,4.351556859,9.06905888,0.069919391,25.86278563,82.90409891,0,1.820328451,71.02082822,70,-1.50180769510083,9.51936494594595,53.401339,"W N"
2.282,4.275,0.761,0,32.91735532,8.056533185,3.732224479,47.67073926,4.577701057,0.400665606,56.38133041,14.73878938,0,1.8432159,40.9738885,75,-1.58575498279811,9.79687051351351,53.223293,"W N"
2.277,1.96,1.045,0,23.52341411,0.734151586,6.417344177,60.61616857,3.024906776,1.438144165,71.49656369,13.2065801,0,3.026455101,24.2575657,65,-1.57370615786033,9.84861181081081,53.015793,"W N"
1.363,2.018,1.217,0,12.51525245,23.48881812,7.950259447,27.60175651,7.119076256,1.055441551,43.72653377,34.46268068,1.837974274,16.49813678,37.84204485,50,-1.36425243520737,9.13156754054054,53.665366,"W N"
0.295,3.461,1.001,0.006,51.49002767,21.58958701,7.052678983,6.327510739,8.267890442,0.029937634,21.6780178,70.6732948,0.302391101,2.679788064,73.38200578,60,-1.39494903166875,9.37278283783784,53.984179,"W N"
0.324,3.499,0.887,0,54.77459517,15.61118445,10.56306368,4.973492363,5.871759472,0.111658616,21.51997413,76.37008787,0.111585282,1.846658115,70.4973649,50,-1.41780433034826,9.10844135135135,53.253284,"W N"
0.642,3.632,0.96,0,17.54369427,21.21561051,1.600741659,49.68401125,1.298643651,5.535957881,58.11935444,4.98867432,0.242219717,1.612574916,39.0015245,65,-1.50457611267525,9.73957191891892,52.735012,"W N"
0.914,2.568,0.604,0,38.7570371,16.29701618,3.159376348,27.17895858,4.850169351,0.060365449,35.24886973,22.72284405,0.117606928,4.003448261,55.17166022,50,-1.43162412604302,9.24350543243243,53.382096,"W N"
1.071,3.402,1.299,0,26.89317368,9.267209162,8.846240773,39.76017994,6.311366497,0.513070546,55.43085775,27.34507075,0,1.792223798,36.16038284,65,-1.48965393050535,9.50379456756757,52.813287,"W N"
1.121,4.743,1.186,0,57.66768485,6.036912241,9.35167511,11.24036222,11.59849584,0.188365917,32.37889909,64.70316021,0,2.718637969,63.7045971,75,-1.6,9.66336110810811,53.574847,"W N"
0.911,4.149,1.24,0,51.05190211,4.059966654,6.38069092,31.55774421,3.449024274,0.319927828,41.70738723,23.56828334,0.317352786,1.202470297,55.42922155,65,-1.42133444376261,8.95581272972973,52.845685,"W N"
1.09,3.544,0.909,0,30.80920138,4.301687574,0.623439194,53.22541228,5.779178773,0.233482119,59.86151236,10.69571702,0.343404136,2.178472883,35.45429309,65,-1.48646420282385,9.78641421621622,52.602788,"W N"
1.29,4.967,1.136,0,38.76690935,4.4718347,2.751228268,40.46560175,8.02057042,0.501301199,51.73870163,20.81961539,0.212796865,2.332741324,43.45154091,65,-1.45867602280336,9.65130475675676,52.493487,"W N"
0.152,0.74,0.267,0,14.6958772,10.31560597,3.655237489,12.82033028,5.189809242,0.145675221,21.81105223,40.55304915,4.552427594,41.52737085,29.56391077,50,-1.2947199866391,9.0047387027027,53.891743,"W N"
0.381,2.957,0.994,0,67.96641406,5.188865412,10.49471913,2.912923501,6.537785287,0,19.94542792,85.39553268,0.159646272,4.251062989,73.31492575,65,-1.45547865683532,9.20782559459459,53.023737,"W N"
0.844,4.473,0.907,0,56.05395506,12.24511654,9.009837167,8.497165798,12.31086094,0.147068087,29.96493199,71.15216585,0.051340437,0.363703149,68.35041203,65,-1.44826254004195,9.40464032432432,53.629089,"W N"
1.032,5.562,1.393,0,40.76114343,21.28407825,2.85233286,29.39651107,2.894815754,0.280232712,35.4238924,16.22393313,0,0.625989368,62.04522168,65,-1.4,9.22515578378378,52.51122,"W N"
0.994,3.187,1.495,0,47.90484059,8.90233834,12.36973494,16.29412113,12.69614926,0,41.36000533,60.60416095,0,0.282207305,56.80717893,65,-1.48644157745316,9.55773454054054,53.812693,"W N"
1.906,4.364,0.978,0,39.27215313,14.52391504,6.579077896,17.64378731,14.88593317,0.065188352,39.17398673,54.79404283,2.306727054,3.179064173,56.10279522,50,-1.5,9.24846286486486,53.826334,"W N"
1.099,4.605,1.348,0,41.65137298,6.003940944,6.280449114,37.93584035,4.810332865,1.026178063,50.0528004,22.15816476,0.08370157,0.176076575,47.73901549,65,-1.43793393082656,9.16183678378378,52.365392,"W N"
1.121,3.086,0.807,0.003,33.72141071,10.63785896,1.977338889,45.91317198,3.599710905,0.979726708,52.46994849,10.62903615,0,0.428744147,44.35926967,65,-1.46978158784655,9.56914316216216,52.592322,"W N"
1.061,2.423,1.183,0.017,19.69724863,11.36837222,11.5386476,43.96380442,11.25542922,0.181796694,66.93967793,34.05166789,0.333049367,1.074394012,31.39867021,65,-1.54755496951682,9.8393484054054,52.881995,"W N"
0.935,4.234,1.026,0,30.56906815,9.288495008,2.262349196,45.70884761,6.816250579,0.323096271,55.11054366,16.47343534,0.094959984,3.515698102,39.95252314,65,-1.4509238199874,9.79591072972973,52.403497,"W N"
1.703,3.26,1.319,0,17.24419416,10.41007998,6.439436666,20.9889169,7.658447833,0.307719844,35.39452124,39.83069697,0.899963732,23.29718413,28.55423788,50,-1.5,9.00725564864865,53.587192,"W N"
0.252,2.334,0.663,0,70.00278458,10.7051716,5.099227802,3.442291626,6.85362016,0,15.39513959,77.64040004,0.23962704,1.507774437,80.94758323,65,-1.49999938691208,9.48686718918919,53.159542,"W N"
0.782,2.357,0.578,0,28.30748192,18.43957917,2.316061689,41.84797999,4.753758685,0.657896691,49.57569705,14.26065753,0.410167273,0.660880907,47.15722837,65,-1.46631961128587,9.39893321621622,52.609294,"W N"
1.459,4.95,1.095,0,30.56272713,2.565519327,12.40709035,37.55440732,7.906253978,0.435472706,58.30322435,34.84085923,0,1.772320619,33.12824646,65,-1.4474476797704,9.433864,52.42111,"W N"
0.686,4.204,0.746,0,49.9517634,10.0975724,7.300052106,24.60460238,5.346701991,0.10820792,37.3595644,33.85144956,0.532958124,1.409765406,60.58229392,65,-1.46413210990396,9.23980305405406,52.897495,"W N"
1.54,4.875,1.622,0,46.59935684,14.96642569,4.913678712,26.04596855,2.533115747,0.628878742,34.12164175,21.82425603,0,2.060244728,61.56578252,65,-1.51201760316414,9.64548948648649,52.87641,"W N"
0.411,1.581,0.76,0,44.54260107,12.86006096,6.062867305,23.6476769,9.461664773,0.725436377,39.89764536,38.91089797,0.08004686,0,57.48270889,65,-1.67153317096679,9.96625991891892,53.990411,"W N"
1.397,2.577,1.61,0,43.0072678,3.473694138,7.189346608,25.72585784,19.17820175,0.132275734,52.22568193,50.48770526,0,0.702210383,46.48096194,75,-1.84770846189116,10.3152414054054,53.984188,"W N"
1.715,3.892,1.112,0,39.15337694,4.917019002,2.92909445,40.25864801,9.036145847,0.28903299,52.5129213,22.78532597,0,2.59453662,44.07039595,65,-1.84370866466246,10.8660752432432,54.193832,"W N"
1.163,2.223,0.957,0,51.93385015,3.942351216,9.958500563,18.21228835,7.445086751,0,35.61587567,48.86469022,0.257637743,7.504349643,56.13383911,75,-1.82763812846597,10.2206225135135,53.685272,"W N"
1.703,1.961,0.879,0,26.34041682,5.9368562,2.947348116,58.63496394,2.667402219,0.421067471,64.67078175,8.682051127,0,1.439765345,32.27727302,75,-1.9701067289047,10.5379808648649,53.677704,"W N"
0.475,1.927,0.586,0,57.42342109,4.66499004,4.708879357,26.69592412,4.208548456,0.042823699,35.65617564,25.00949037,0.058068508,1.392437216,62.14647964,75,-2.00763952746055,10.7353395135135,53.652603,"W N"
1.778,2.799,0.821,0,13.49270661,3.851763484,3.337976169,45.98120293,7.765036896,3.260840535,60.34505653,18.39920899,0.466124995,5.511746802,17.81059509,75,-1.60869728060601,9.81623091891892,53.436794,"W N"
3.234,4.686,2.112,0,26.83700399,4.047230864,4.092102425,45.28926267,17.98900603,0.50448265,67.87485378,32.53208991,0,0.743576142,30.88423486,75,-1.89186781696983,10.5926214054054,54.097044,"W N"
0.224,2.054,0.949,0,60.71098589,12.43355289,7.652740849,10.6213401,5.620398714,0.27190693,24.1663866,54.92397264,0.141500717,0.287277166,73.28603949,65,-1.3,9.75661616216216,54.057532,"W N"
1.107,2.883,0.763,0,42.3607219,7.169767211,7.929413429,22.60660839,16.62248443,0.33375054,47.49225679,51.69663334,0,0.30969573,49.53048911,65,-1.79613320930847,10.6482925945946,54.351382,"W N"
1.084,2.345,1.562,0,51.278171,5.911679254,5.853283209,25.43697377,10.27163702,0,41.561894,38.79736624,0.109450231,0.879469463,57.29930048,65,-1.76170285227307,10.8523088108108,54.385069,"W N"
2.528,5.111,2.2,0,31.32816137,9.353188895,3.167703238,40.58079474,8.995156588,0.502902605,53.24655717,22.84252818,0.939320769,1.323835198,41.62067104,65,-1.8,10.1414353783784,54.116402,"W N"
0.748,1.799,0.71,0,43.91943153,3.398752172,5.892238374,26.47103746,15.08383151,0.362945542,47.81005289,43.87376424,0,3.541292274,47.3181837,75,-1.92302135009612,10.5245606756757,53.954049,"W N"
0.984,1.896,0.767,0,29.00462387,7.799223731,1.569433864,58.37739358,0.729612346,0.289749366,60.96618916,3.771018398,0,0.976575288,36.80384761,75,-2.2,10.6407417567568,53.872306,"W N"
0.647,2.402,0.516,0,38.93923997,6.620575817,1.83740779,41.69723936,6.830785684,0.565506433,50.93093926,17.01950445,0.054323982,3.075424753,45.61413977,75,-1.92809789536842,10.8237956486486,53.990669,"W N"
1.365,3.252,1.379,0,48.08515154,6.157091299,12.53209975,20.37391852,10.76011818,0.367822349,44.0339588,52.89603426,0.057503018,0.439732686,54.29974586,65,-1.74645326507664,10.0733236756757,53.770614,"W N"
0.759,2.571,1.062,0,51.70687957,14.80489456,7.002883401,8.678404532,14.03639219,0.231483609,29.94916373,70.24996016,0.242850027,1.448823849,66.75462416,65,-1.7,10.3310386756757,54.385786,"W N"
1.136,2.178,1.173,0,42.2463072,8.215924207,7.870355422,23.87717562,7.642464918,0.513663548,39.90365951,38.87568341,0.720899273,7.451361918,51.18313068,75,-1.89998230061261,10.3685877297297,53.75552,"W N"
0.485,1.731,0.779,0,57.23455648,6.64656476,11.21881152,11.32647863,10.76760185,0.144547499,33.45743949,65.7145726,0.144871799,0.894809338,64.02599304,65,-1.60930511827518,9.82237316216216,53.79913,"W N"
0.363,1.385,0.798,0,53.47887952,10.8728583,8.987867408,9.062723604,9.856112951,0.322626575,28.22933054,66.75319606,0.127812946,1.704618104,64.47955077,65,-1.72345206654306,10.4910484324324,54.522964,"W N"
0.689,3.156,1.629,0,32.77061935,5.888152412,8.562790447,34.4243019,16.35742987,0.451372301,59.79589452,41.67547039,0,0.42003875,38.65877176,65,-1.83928011076549,10.5019174864865,54.216742,"W N"
0.599,3.227,0.772,0,51.55441514,4.544811754,5.454762071,27.01138534,3.429524629,0.169822734,36.06549478,24.63375799,0,4.368385296,56.0992269,75,-1.65273643595229,9.90490089189189,53.507949,"W N"
0.575,1.728,0.915,0.012,51.21323406,7.343834029,8.261863335,15.52471519,5.876395789,0,29.66297432,47.66298542,0.550620613,6.195948157,59.1076887,65,-1.69851815616142,10.1019344324324,54.254137,"W N"
1.426,2.141,1.527,0,40.21841955,4.215434906,15.99946848,18.06544731,19.92974175,0,53.99465754,66.54215781,0,1.01677038,44.43385446,70,-1.83469564850479,10.3587561621622,54.117781,"W N"
0.472,1.92,0.705,0,56.12017196,16.1583152,7.531062555,8.753031613,10.35080638,0,26.63490055,67.13698406,0.032850869,0.001868227,72.31133803,65,-1.68378406854235,10.8017069459459,54.58262,"W N"
1.637,4.479,0.923,0,32.62053858,4.545748977,1.050368825,53.77111031,4.692807293,0.211517148,59.72580358,9.615904306,0,1.397093181,37.16628756,75,-1.6,9.89902781081081,53.301544,"W N"
1.546,5.45,0.947,0,35.41424353,5.800564607,4.739522271,36.59077876,15.2543894,0.09423933,56.67892977,35.2757396,0.078964398,0.352696077,41.29377253,65,-1.77574048734868,10.1517505675676,53.953851,"W N"
0.931,2.916,1.015,0,30.2318053,1.862024477,12.85137888,44.80261987,5.360934868,0.292930939,63.30786456,28.76785353,0,3.954373017,32.09382978,75,-1.73499909287561,10.074207,53.470103,"W N"
1.198,3.053,0.99,0,22.97887251,3.278248852,2.385645189,44.99941719,0.618916681,2.518032309,50.52201137,5.947035339,0.414679395,5.803472057,26.67180076,75,-1.80973491206299,10.2054748378378,53.514546,"W N"
0.982,2.421,0.936,0,36.71586744,5.128981067,7.502410406,26.92167994,10.20324279,2.797952955,47.42528609,37.33378257,0,0.938483805,41.8448485,75,-1.88595512270493,10.3358419459459,53.602609,"W N"
1.894,1.731,0.858,0,35.62365789,4.953188406,3.340463505,43.29759297,11.79732751,0.418947276,58.85433127,25.72077652,0,0.170657966,40.5768463,65,-1.86265720382761,10.6565514594595,54.185564,"W N"
0.404,3.096,0.572,0.013,68.00017069,5.141543606,0.881892623,14.31965053,7.088545313,0.080871253,22.37095972,35.62850246,0.411153675,2.76476362,73.55286797,85,-2.44629586121399,12.0754096486486,53.295356,"E N"
0.579,1.945,0.512,0,17.55623669,13.49958668,1.038066403,52.31310266,0.150918659,0.010391558,53.51247928,2.221883714,0,1.136756504,31.05582336,65,-2.05934298973939,11.1201860810811,53.06113,"W N"
0.273,2.073,0.267,0,25.28931257,10.43777633,0.645282562,58.70125029,1.251882197,0.083768859,60.68218391,3.126394991,2.024331884,0.698860021,37.75142078,75,-1.970312382252,11.1087494864865,53.824447,"W N"
0.81,3.005,0.713,0,43.94035145,6.528092757,0.962008392,39.58631676,1.741962168,1.675703241,43.96599057,6.150141338,0.694398274,1.000854439,51.16284248,75,-2.12310142835576,11.5477616756757,53.558265,"W N"
0.282,1.408,0.349,0.038,52.76862594,3.586053342,1.632667927,35.45455375,2.43802521,0.767611741,40.29285863,10.10276579,0.517153438,0.540053387,56.87183272,80,-2.31517743611406,11.7644471621622,52.887612,"W N"
0.577,1.626,0.336,0,68.93283635,2.770844387,1.023456795,15.08590857,0.733336323,0.838457982,17.68115967,9.935960937,0.469855589,0.062082156,72.17353632,75,-2.19896622344258,11.5254342702703,52.861624,"W N"
0.175,2.702,0.419,0.003,79.38514319,3.609050217,1.288974338,10.32780466,2.654224748,0.138207603,14.40921134,27.36582171,0.29020632,1.154141362,83.28439972,85,-2.4,11.7910332972973,53.196193,"W N"
0.244,2.595,0.556,0,78.46576703,2.521232161,1.338510362,7.50854782,3.017838467,0.859940854,12.7248375,34.23500558,0.214116363,3.736589378,81.20111556,65,-1.95040643265119,11.0709754054054,52.704711,"W N"
0.149,3.976,0.877,0.003,77.49005912,3.976204064,2.128308526,9.573349073,2.409301299,0.051606744,14.16256564,32.03946191,0.195984619,1.714074539,81.6622478,80,-2.18285428596567,11.5922648108108,53.398747,"W N"
0.298,2.668,0.559,0,78.8426495,3.419464878,3.553589243,6.635053791,1.967852484,0.167763328,12.32425885,44.80140993,1.095919422,3.278343874,83.3580338,65,-2.05645728596852,11.3290005945946,52.613076,"W N"
1.138,3.421,0.824,0,45.79134952,6.06228847,1.324161285,35.09189853,5.390383302,0.571959127,42.37840224,15.84426083,0.267774672,1.169590794,52.12141266,75,-2.11222949136687,11.4456441621622,53.50083,"W N"
0.538,2.154,0.338,0,23.44514418,8.803829823,0.289173925,60.00188694,0.507026469,0,60.79808734,1.30958132,0.069645711,6.373956185,32.31861971,75,-1.94213708990906,10.9675201621622,53.919229,"W N"
0.362,2.486,0.687,0,58.40179763,1.287443395,1.88877959,30.22353851,2.184623289,0.5084844,34.80542579,11.70335598,0,4.005574871,59.68924103,75,-2.08572503299036,11.1710614594595,53.333026,"W N"
0.507,2.991,0.88,0,72.85426219,6.561870304,6.998672376,3.510940711,6.93921798,0.053016788,17.50184785,79.63667877,0.530934693,1.888829585,79.94706719,75,-2.03554827178928,10.9259945945946,53.352741,"W N"
0.498,2.693,0.419,0,37.1461841,3.385715492,2.052305197,46.80702432,1.589357138,0.007353875,50.45604054,7.217495263,0.018304611,5.731373105,40.5502042,75,-1.99688794848781,10.9848540810811,53.741392,"W N"
0.083,1.87,0.234,0.025,74.77031268,5.034327296,2.75733068,11.01254052,2.660776528,0.228303663,16.65895139,32.52369901,0.516916582,1.514506135,80.32155656,80,-2.6,12.0343254324324,52.909335,"E N"
0.976,2.503,0.475,0,49.11069496,8.251975477,0.424282405,36.12803966,0.951067951,0.736199279,38.23958929,3.596666128,0.126617995,0.728804724,57.48928843,65,-2.1,11.2766911351351,52.962792,"W N"
0.546,2.458,0.802,0.003,59.19609481,15.02748681,2.88121232,17.54339035,1.763622651,0.956429357,23.14465468,20.0687158,0.122143718,0.928580616,74.34572534,65,-2.01267589971892,10.9930936756757,53.050017,"W N"
0.584,3.505,0.613,0,46.3315197,5.992257077,0.882467179,42.05602999,0.901522338,0,43.8400195,4.069317344,0.362375384,1.611812564,52.68615216,75,-2.0390352910305,11.1199094594595,53.595227,"W N"
0.32,2.756,0.527,0.015,77.70313593,3.068903753,1.886163154,9.991533757,1.644576077,0.134165479,13.65643847,25.85402658,0.031700445,0.129585187,80.80374013,75,-2.26753213820673,11.7017398378378,52.659173,"W N"
0.628,4.746,0.69,0,60.71664594,5.108354018,0.949681297,25.08032738,3.957420212,1.02360379,31.01103268,15.82372815,0.138202864,1.849293472,65.96320282,75,-2.3,11.1772969459459,53.447595,"W N"
0.162,2.767,0.49,0,61.51323233,4.673095233,2.631955342,19.33391782,1.336255734,0.203756848,23.50588575,16.88177642,0.13661682,0.542835877,66.32294438,75,-2.07671003605573,11.1267895675676,53.242897,"W N"
0.355,2.28,0.539,0,64.8960025,4.12644083,4.597112132,16.46163084,6.928956895,0,27.98769987,41.18262337,0.176188387,1.355717021,69.19863171,75,-2.02553624034914,10.8538883513514,53.53449,"W N"
0.197,1.926,0.446,0,63.42059932,4.467230017,1.314616529,15.67174713,6.291896251,0.36024201,23.63850192,32.17848917,0.000374072,0.036817434,67.88820341,75,-2.18223935395644,11.4759730810811,53.140861,"W N"
0.458,2.624,0.444,0,22.64552623,10.71966795,0.771303028,61.6436671,1.432828456,0.261915048,64.10971364,3.438061658,0.545036222,1.58542894,33.9102304,75,-2.00218201976652,11.175750972973,53.73669,"W N"
0.842,2.03,0.416,0,17.55103285,8.406549214,0,58.69155572,0,11.42327715,70.11483286,0,0,0,25.95758206,75,-2.17135230844405,11.4408707297297,53.001648,"W N"
0.362,1.567,0.511,0.023,38.16684222,9.11294369,4.758432479,33.76502736,3.23677034,0.648924033,42.40915421,18.85254014,1.205023812,1.353634509,48.48480972,75,-2.38992009123991,11.963983972973,52.531925,"E N"
0.849,2.608,0.564,0,26.82665445,4.162108222,0.263512172,64.4308654,0.584209144,1.405062639,66.68364935,1.271258134,0.009421038,2.027618641,30.9981837,75,-2.05548082120316,11.3489490540541,53.62716,"W N"
0.794,4.407,0.842,0,60.25041932,5.373169465,11.85744135,3.163690298,13.68178799,0.060379609,28.76329925,88.79102887,0,1.148845666,65.62358879,75,-1.77769499503762,10.4308356756757,50.52585,"W S"
0.046,4.11,0.338,0,85.1572055,1.860985331,5.628391383,0.814591905,2.44618392,0.092685699,8.981852907,89.89877018,0,0.067787159,87.01819083,65,-1.6,10.5871977567568,50.692541,"W S"
0.672,2.874,0.55,0,45.83815739,0.806093744,1.351206354,35.21601069,7.644093157,2.021806865,46.23311707,19.45639853,0,0.146539232,46.64425113,65,-1.3,9.67915154054054,51.310364,"W S"
0.763,3.179,0.49,0,52.02037707,5.499678511,2.041094088,25.46205947,8.865640447,3.705348075,40.07414208,27.21638934,0,0,57.52005558,105,-2.8,10.328743027027,50.315624,"W S"
0.859,3.547,0.787,0,21.84958892,9.763023896,2.181321101,42.44603782,11.185019,2.777336717,58.58971464,22.81345828,1.787951187,0.15316726,33.400564,65,-1.44837839614213,9.83655048648649,51.404886,"W S"
0.358,4.722,0.972,0,57.1335444,6.600667171,7.482192929,17.01063168,8.260161551,0.68856672,33.44155288,47.07423287,0,0.215864392,63.73421157,50,-1.49720557788348,10.3358543783784,51.377615,"W S"
1.106,4.497,0.745,0,49.59974037,5.428116309,2.422346603,23.57854702,11.6837328,2.936132165,40.62075859,34.72628256,0.494521831,0,55.52237851,105,-1.83456557824511,10.2006448378378,50.419349,"W S"
0.232,3.577,0.679,0,65.03144202,6.635571788,4.076340784,14.10986155,3.880060635,0.034147724,22.10041069,36.00114736,1.415501611,0,73.08251542,65,-1.42005977637605,9.99251410810811,51.66081,"W S"
0.524,5.536,1.371,0,61.37254268,6.507669731,4.892994216,14.8704355,5.961537399,1.280097828,27.00506494,40.19442886,0,0.624580539,67.88021241,50,-1.50100400271285,10.7646626486487,51.292533,"W S"
0.323,4.007,0.706,0,72.03364152,2.654115134,7.158704932,2.856010121,12.08290909,0.159898946,22.25752309,86.449934,0,0.636875002,74.68775666,70,-1.60657615679879,10.0580541621622,50.99604,"W S"
1.011,4.428,0.533,0,62.06345609,4.610552386,3.604286363,12.25054059,13.52601423,1.168688154,30.54952934,56.07386092,0,0,66.67400848,80,-1.78360431129453,10.2778247567568,50.565931,"W S"
0.765,2.714,0.86,0,51.39985176,9.132439533,1.581546612,25.16565492,8.547806101,0.863217739,36.15822538,28.01396531,0,0.46117192,60.53229129,100,-1.68353028785742,9.95792397297297,50.741626,"W S"
0.083,4.028,0.534,0,71.18744153,4.596841373,3.210045387,10.28287859,5.480361648,0.127241309,19.10052694,45.49825804,0,1.008004965,75.78428291,65,-1.5,10.0710647027027,51.231964,"W S"
0.258,4.155,0.878,0,52.6844438,6.787348944,4.268661162,18.99910139,7.675758353,0.052269056,30.99578996,38.53561897,0,0.037485924,59.47179274,65,-1.45827771996253,10.0652115135135,51.476961,"W S"
0.194,4.278,1.151,0,65.52960544,3.529657256,3.561443581,5.482959616,19.8111764,0.139780766,28.99536036,80.6081376,0,0.570159303,69.05926269,70,-1.51507508087315,9.68342332432433,51.069613,"W S"
0.869,2.547,0.385,0,51.35836578,6.601548822,0,25.3049765,8.741792886,4.655596538,38.70236593,22.58723124,0,0,57.9599146,105,-1.89503381915341,10.3824915405405,50.209393,"W S"
0.101,3.165,0.618,0,75.38870193,2.417543611,4.143916517,1.849610565,6.859807338,0.062860199,12.91619462,85.19323361,0,0.319875231,77.80624554,70,-1.59982604669972,10.4343030810811,51.026654,"W S"
0.647,4.003,1.036,0,42.66627249,9.037680605,4.477687827,25.79286504,10.16903647,0.516101727,40.95569106,35.76236638,0.254140339,5.20244694,51.95809343,50,-1.5,10.7761775675676,51.497631,"W S"
0.104,3.613,0.686,0,63.20520076,6.274830317,6.996004253,9.961675351,8.100825671,0.647025988,25.70553126,58.72988879,0,0.284961478,69.48003107,50,-1.51558924436759,10.5189704324324,51.287693,"W S"
0.359,4.037,0.959,0,70.20835331,6.132942788,6.707548473,9.394963792,1.441998677,0.175163674,17.71967462,45.99151693,0.025677581,0.189270662,76.36697368,50,-1.3,10.7303025135135,50.954911,"W S"
0.338,4.301,0.992,0,61.38524472,2.947333162,2.618232957,9.717027276,13.26211876,0.896065825,26.49344482,59.94068279,0,0.455398725,64.33257789,75,-1.5,9.3853744054054,51.108934,"W S"
1.796,2.99,0.884,0,8.985671543,2.286619562,1.91117492,58.66645172,25.01539096,1.715637208,87.30865481,30.84066057,0,0.603578163,11.27229111,65,-1.41418090530897,9.40659532432432,51.394111,"W S"
1.593,2.64,0.603,0,24.54630015,8.789949811,2.432485078,41.63399284,13.30029522,7.680405161,65.0471783,24.18672218,0,0,33.33624996,105,-1.83773696238328,10.4912666216216,50.303814,"W S"
1.668,3.693,0.54,0,32.90467683,3.480520151,0.940985764,32.07817162,10.29913943,17.24118316,60.55947997,18.56047179,0,0.100640858,36.38519698,100,-1.57855008827783,9.65987816216216,50.860115,"W S"
1.097,2.113,0.554,0,43.09522631,7.541064259,2.178553053,20.95560073,12.64270139,4.949568587,40.72642376,36.39223156,0,0.911067916,50.63629057,100,-1.5,9.80883735135135,50.850636,"W S"
0.515,4.227,0.738,0,73.32574087,1.422545264,6.330642295,2.646424947,9.281166414,0.060268437,18.31850209,85.22426468,0,0.58224162,74.74828613,75,-1.4,10.2977676216216,50.842436,"W S"
0.645,2.61,0.773,0.008,55.81853027,5.781341405,0.948279096,11.33157633,13.70659752,8.781870951,34.7683239,42.1500808,0,0.739063305,61.59987168,80,-1.5089438241467,9.53297472972973,51.007882,"W S"
1.483,5.427,1.149,0,46.54166946,3.303272576,5.005032673,16.79786648,18.866482,0.658639953,41.32802111,57.76108809,0,0,49.84494203,80,-1.70516704772778,10.1251737567568,50.756105,"W S"
1.509,3.296,0.798,0,26.69225182,4.241309178,1.609921932,45.08149768,16.44947601,1.270873733,64.41176935,28.03741944,0.509099709,1.434572788,31.4426607,65,-1.43629536889252,9.50679078378378,51.289895,"W S"
0.295,4.828,0.981,0,66.61493527,3.179261646,3.956798328,9.513222519,13.39652007,0.170356472,27.03689739,64.18383791,0,0.270169931,69.79419692,70,-1.52268956669554,9.85962818918919,51.146493,"W S"
0.375,2.201,0.552,0,46.64088689,10.48522233,9.460734762,17.40995651,8.029265719,0.316979773,35.21693677,49.66360532,0.189952991,5.079669937,57.31606222,50,-1.48369594598225,10.5549654324324,51.460544,"W S"
1.146,3.292,0.897,0,17.3190838,12.33345525,2.812856009,36.52101214,5.861921051,2.251225712,47.44701491,18.28308288,2.119448758,3.845398287,31.77198781,65,-1.42544717923127,9.80616127027027,51.50181,"W S"
1.049,3.162,0.526,0,5.998645559,1.407314363,6.464825821,30.3752816,10.56663982,7.631389842,55.03813708,30.94484396,0.460854319,0.368687685,7.86681424,65,-1.41640349059492,9.59618805405405,51.439207,"W S"
0.646,3.483,0.796,0,28.03692337,6.211108857,3.951755121,52.5146192,4.606269448,3.126497333,64.1991411,13.33043468,0,0.325829639,34.24803223,65,-1.42375402001653,9.2347212972973,52.176305,"W N"
0.384,2.798,0.735,0,27.64082841,13.12396355,2.491368063,49.76429451,3.336051416,0.594288566,56.18600256,10.37165702,0,1.181967357,40.76479197,65,-1.40187908758105,9.38784597297297,51.959572,"W S"
0.724,2.774,0.744,0,29.20344195,10.98501714,2.710084101,47.06080112,4.73258715,1.314186901,55.81765927,13.33390068,1.80705e-06,0.507173176,40.18846091,65,-1.40485106061857,9.17975191891892,51.923961,"W S"
1.766,3.255,1.522,0,19.14291395,6.226220801,4.249739809,60.32492023,4.682795802,1.086072014,70.34352786,12.69844701,0,2.211494254,25.36913475,65,-1.2,9.34784835135135,52.139403,"W N"
0.499,3.586,0.739,0,36.93203675,3.330822163,1.40542632,44.59006507,12.06519818,0.228573045,58.28926261,23.10995866,0.294208605,0.13402372,40.55706751,65,-1.39169957144387,9.45539262162162,51.779973,"W S"
0.342,3.613,0.861,0,42.27168875,1.602512819,4.609976068,25.37337149,19.44998795,0.782492713,50.21582822,47.91310801,0,0.426425287,43.87420157,65,-1.395887967088,9.33393397297297,51.61339,"W S"
1.033,3.29,1.13,0,29.88687646,8.914507331,4.621164432,40.61034534,8.959030272,3.621614075,57.81215412,23.49020705,0.320024329,0.599834081,39.12140812,65,-1.3,9.28089037837838,51.799632,"W S"
0.187,3.152,0.817,0,50.05541903,4.592494413,7.462259253,27.06334945,6.705258416,0,41.23086712,34.36143516,0,0,54.64791345,65,-1.3,9.71058445945946,51.772486,"W S"
0.272,2.452,0.696,0,36.46393708,8.414840506,1.860302442,46.78944446,3.21770674,0.259243312,52.12669696,9.741666898,0,2.220560144,44.87877758,65,-1.40266793289582,9.93523789189189,51.903486,"W S"
0.488,3.413,0.768,0,41.14762117,9.006311944,6.670555818,35.55005135,3.426542594,1.551060702,47.19821047,21.39296874,0,0.330771718,50.15393312,65,-1.40063184427843,9.70519189189189,52.04721,"W N"
0.621,2.751,1.197,0,47.61708536,4.200315763,3.350206185,31.74015825,8.137876935,0.519165205,43.74740658,26.26003235,0,2.443992974,51.81740112,65,-2.3,9.5959767027027,52.265641,"W N"
0.239,2.289,0.565,0,61.46168917,3.770416963,6.803451264,12.55552324,10.1866013,0.77786294,30.32343874,56.02943884,1.568436207,0.006593248,66.80054234,65,-1.40164149289382,9.7003015945946,51.60358,"W S"
0.989,2.206,1.576,0,30.00005433,2.142980171,5.987016625,53.50628456,6.378021075,0.641982679,66.51330494,18.59032221,0,0.618644032,32.1430345,65,-1.43664488388531,9.35081721621622,52.311016,"W N"
0.258,4.104,0.793,0,47.42998628,10.57413074,1.164289632,31.56301606,2.650183262,1.272687969,36.65017692,10.40778849,0.351308805,2.71322238,58.35542582,65,-1.42397950683676,9.93381872972973,52.181404,"W N"
1.068,2.469,0.845,0,21.96740037,4.532306452,1.731038424,49.41562213,18.19138108,1.547703187,70.88574483,28.10497309,0.165864369,0.730782675,26.66557119,65,-1.3,9.31793032432432,51.483447,"W S"
0.207,3.082,0.805,0,30.44515724,4.202323422,4.538070398,46.26120959,7.787631228,0.275645391,58.8625566,20.9398,0,0,34.64748066,65,-1.39578316941734,9.56825983783784,51.965336,"W S"
0.514,3.969,0.892,0,52.35331397,6.892966553,1.624317415,31.19002382,3.345478738,0.839092774,36.99891275,13.4322762,0.098151008,0.835748978,59.34443153,65,-1.41660299795193,9.78057097297297,52.182444,"W N"
0.11,3.778,0.684,0,33.04332056,6.443811986,9.402523439,36.01629259,9.0207097,0,54.43952573,33.84164886,0,0.224255077,39.48713255,65,-1.39290117790026,9.71247481081081,51.932188,"W S"
0.645,2.572,0.658,0,17.80550239,3.91412155,1.418546996,44.99965141,9.762231164,3.582273236,59.7627028,18.70862199,0,0.205375707,21.71962394,65,-1.40040159531925,9.47563075675676,51.53343,"W S"
1.709,1.579,1.025,0,13.13340018,3.404095336,3.448735052,73.28209505,3.089338615,1.50866404,81.32883276,8.039060005,0,1.526287342,16.53749551,65,-1.41697122928379,9.44984651351351,52.155814,"W N"
1.079,2.701,0.995,0,43.45502164,9.187146204,9.367319399,21.84854419,13.45026048,0.262482379,44.92860645,50.78630672,0.331435585,0.970287901,52.97360343,65,-1.5928579806328,11.1210781081081,54.714908,"W N"
0.038,2.054,0.194,0.003,63.06644843,5.319742381,1.827928142,2.045168731,6.181535167,0,10.05463204,79.65943734,1.440608067,16.80295893,69.82679888,80,-1.5,11.973036027027,54.230403,"E N"
0.324,2.133,0.935,0,36.85606937,4.745707534,11.65653613,5.590234337,15.99076347,0.166159842,33.40369378,82.7671927,0.634023284,0.509860649,42.23580019,70,-1.73503206439463,11.5263412162162,54.459315,"W N"
0.264,1.305,0.239,0,34.05274837,4.867681051,2.460635491,53.83523171,1.802206475,0.327218302,58.42529197,7.296227065,0,1.79017067,38.92042942,75,-1.94082616440621,11.3185909189189,53.913804,"W N"
0.248,1.492,0.327,0,59.49466724,3.792390904,2.844721417,14.33786871,13.08558104,0.174232407,30.44240357,52.32931894,0.240477504,4.736582892,63.52753565,65,-1.76026024335644,11.2060282972973,54.300161,"W N"
0.258,1.507,0.407,0,70.29400578,3.830650676,2.672878196,11.36039806,7.496298768,0.083500366,21.61307539,47.05104101,0.011054895,0.700321044,74.13571135,75,-1.4,11.5419892972973,54.274027,"W N"
0.367,3.274,0.286,0,47.60711786,6.445240418,0.495665044,34.81428165,4.147289592,0.148331965,39.60556825,11.72298452,0.046918369,3.662320228,54.09927665,75,-1.89072773036438,11.2396984324324,54.01763,"W N"
0.259,2.205,0.342,0.001,72.32703988,5.846476342,1.75681014,8.989473341,6.731430993,0.128905,17.60661947,48.21051051,0.134457612,1.37678061,78.30797384,80,-2.3,11.8578887027027,53.837199,"E N"
0.908,2.633,0.682,0,41.31170506,18.87941377,6.854718645,15.9232794,11.35778109,0.447160393,34.58293952,52.66324952,0.758922491,1.440889461,60.95004132,65,-1.6,10.9930936756757,54.626418,"W N"
0.35,2.127,0.252,0.002,35.06968972,4.422792263,1.33160371,47.14971953,6.036845437,0.405338543,54.92350722,13.41583872,0,5.289638254,39.49248198,70,-1.86471956225741,11.0500161891892,54.095513,"W N"
0.813,2.008,0.499,0,34.52134409,4.953823928,1.143970345,53.92075988,1.993352377,0.536402538,57.59448514,5.447262379,0.293828743,1.978935449,39.76899676,75,-2.1,11.4185215675676,53.771457,"W N"
0.322,2.243,0.423,0,72.96379177,3.910866647,1.480475125,10.52732397,5.75379554,0.025941327,17.78753596,40.67044857,0.351494599,0.82020546,77.22615302,75,-1.97662926384083,11.5088581081081,53.905231,"W N"
0.683,2.899,0.982,0,46.11922145,7.005435464,11.47415928,16.00660205,17.42328367,0.15152816,45.05557316,64.13733291,0,0.421041723,53.12465692,65,-1.65911166399945,11.1859014324324,54.531921,"W N"
0.552,2.965,1.179,0.014,37.44546749,13.92846657,8.772282905,15.62798115,13.70388843,0,38.10415249,58.98614684,1.99463501,2.647238228,53.36856907,65,-1.7,11.4478223243243,54.714144,"W N"
1.069,2.39,0.83,0,42.10049129,2.69844566,6.659355743,29.28939855,16.94456262,0.311685202,53.20500212,44.36409628,0,0.250977342,44.79893695,65,-1.73087710205003,11.0057169459459,54.403282,"W N"
0.868,3.363,0.42,0.027,35.09992127,8.321029433,2.74215973,40.40052786,4.49052917,4.853163807,52.48638056,13.78012509,1.32113148,0.134836055,44.74208218,75,-2.52363144738061,12.6836135675676,51.221427,"E S"
0.041,1.423,0.266,0.01,52.91123171,11.77546664,4.853272053,19.11499012,6.245262369,1.219365845,31.43289039,35.30866644,0.215791703,0.102460642,64.90249005,75,-2.7,13.1496476486486,51.688012,"E S"
0.054,1.275,0.171,0.016,52.82641482,6.253037359,3.192716248,8.730532376,4.373784764,0.23954907,16.53658246,45.75613511,0.014561539,0.221222439,59.09401372,65,-2.69615779942595,12.9315423783784,51.80418,"E S"
0.075,0.989,0.067,0.002,68.32629288,9.306670543,2.266676259,13.21949474,3.99274839,0.617626162,20.09654555,31.14676915,0.137280169,0.450467517,77.77024359,75,-2.60855470290137,12.5501427027027,50.675696,"E S"
0.031,0.928,0.11,0,50.597872,10.45890925,1.788420246,22.10513302,6.039506623,0.185524887,30.11858477,25.99035422,0.193349947,0.031350526,61.2501312,85,-2.5772557151208,12.6937317027027,50.858543,"E S"
0.161,1.65,0.27,0.008,38.42410397,5.986278733,5.617866513,26.39015212,14.48303775,2.368055118,48.8591115,41.14054399,0.121019372,0.186989134,44.53140207,80,-2.90571638267242,13.3447721891892,51.566074,"E S"
0.055,0.527,0.196,0.005,64.76680087,4.559205836,8.036132624,12.88531124,7.744243778,0.807407726,29.47309537,53.54163248,0,0.232820391,69.3260067,85,-2.67641231345784,13.0711063783784,50.774292,"E S"
0.065,1.063,0.125,0,65.44115076,4.629652625,3.92518215,16.03493069,4.1431899,0.76018419,24.86348693,32.4506859,0,0.140733926,70.07080339,85,-2.9,13.3699174054054,50.882444,"E S"
0.008,1.359,0.119,0,73.12841552,14.6451066,2.472957146,4.115445941,2.964081748,0.170031872,9.722516707,55.92213475,0.238742179,0.380626042,88.0122643,75,-2.76079648456426,12.7294581621622,50.36513,"E S"
0.113,0.597,0.154,0.003,51.90070259,10.2958111,4.692943739,20.10176343,7.701757776,2.795481968,35.29194691,35.12048102,0.178259998,0.245949485,62.37477368,75,-2.7,12.8004094324324,51.39356,"E S"
0.018,0.765,0.092,0.003,68.54808564,9.793224711,2.093328077,7.326998593,5.223366571,0.269376845,14.91307009,49.0622964,0.125776364,0.549262744,78.46708672,75,-2.71838698517928,13.1048504864865,51.417265,"E S"
0.151,0.821,0.171,0.017,39.71024576,16.16436966,2.242341237,32.52324238,6.23490635,0.561580387,41.56207035,20.39659602,1.211120964,0.877534461,57.08573638,75,-2.50652393980539,12.5852114864865,51.094333,"E S"
0.153,1.104,0.14,0.011,53.07051261,8.632158187,0.813867255,23.30701362,6.736413888,1.687016305,32.54431107,23.200003,0,0.218670506,61.7026708,80,-2.8,13.0166044594595,51.102183,"E S"
1.219,2.929,0.295,0,23.16864637,3.247547637,0.325328114,51.51585206,10.53034802,5.244152887,67.61568109,16.05496826,0,0.115446222,26.41619401,75,-2.70849246192748,13.1617642972973,51.079947,"E S"
0.553,1.374,0.25,0.014,33.8932843,5.070860115,2.782671345,32.77546209,19.23833395,3.21430408,58.01077147,37.96020073,0,0.238861108,38.96414441,75,-2.61460573103105,12.9496011081081,51.023419,"E S"
0.23,0.982,0.158,0.002,39.80807926,11.44435005,5.827609088,34.3864294,4.366759088,0.661067527,45.24186511,22.53304136,0.26981442,0.477167114,51.52224373,75,-2.50639810597661,12.4278591621622,50.863153,"E S"
0.039,0.964,0.131,0,67.11793222,6.181932297,2.682110684,13.11314933,5.501120909,0.887804736,22.18418566,36.88768079,0.12367111,0.155466691,73.42353563,85,-2.91626794221192,13.4314765945946,51.324306,"E S"
0.054,0.995,0.144,0.017,40.08561667,8.380646924,7.221932329,28.74490544,13.05004166,0.956392645,49.97327207,40.56563268,0.061728796,0,48.52799239,85,-2.58729290075644,12.8391924054054,50.969552,"E S"
0.353,1.188,0.171,0,66.44066657,6.36144921,2.518840781,12.83597396,3.591426041,4.693965247,23.64020603,25.84692711,0,0.083859798,72.80211578,80,-2.76906741790991,13.2523923783784,51.165978,"E S"
0.22,1.197,0.281,0.014,48.40630815,11.77028676,2.623364408,24.6379288,9.448000205,0.204229656,36.91352307,32.70174074,0.299222325,0.414811671,60.47581724,85,-2.62606321067066,12.8912339459459,50.787528,"E S"
0.227,0.894,0.218,0.006,29.28718985,5.666957802,1.262797412,48.41219982,5.632897935,8.742531923,64.05042709,10.76604116,0.056181405,0.018076256,35.01032906,75,-2.55356505008964,12.769581972973,51.141712,"E S"
0.037,0.583,0.096,0.008,69.80385229,5.380009764,2.78788357,9.170406937,7.132112837,0.289590382,19.37999373,51.18678854,0,0.313634765,75.18386205,85,-2.80560698420173,13.3063404324324,50.588288,"E S"
0.039,0.923,0.047,0.002,73.23459149,9.658281618,1.87424032,9.402017726,3.032989181,0.327555064,14.63680229,33.52665018,0,0.67380575,82.89287311,85,-3.1,12.9449582162162,50.494301,"E S"
0.041,0.967,0.34,0.043,33.30687939,10.11390228,5.836270832,24.098284,6.137267072,0.637327621,36.70914953,32.61731219,0.067384648,0.169981785,43.48816631,85,-2.95071132640276,13.2365043513514,52.063837,"E N"
0,1.05,0.33,0.007,58.56401597,5.634416253,2.727940754,5.706467821,4.40108829,0.109676443,12.94517331,55.07094324,0,0.405170841,64.19843222,70,-2.7,12.9333177297297,52.091777,"E N"
0.002,1.958,0.468,0.059,45.93228301,10.8113455,5.247345244,20.40214431,5.606998771,0.607239765,31.86372809,34.06489029,0.37524172,0.111196969,57.11887024,75,-3.04477426463375,13.2621176486486,52.397263,"E N"
0.045,1.264,0.171,0.011,56.84759366,9.117691633,2.651620607,14.81196937,10.57185231,0.35724667,28.39268896,46.57351382,0.07301696,0.341920671,66.03830226,85,-3.06443014358003,13.4842584864865,51.826315,"E S"
0,1.963,0.527,0.01,43.83309581,12.72237459,5.022901326,10.56405287,5.159881813,0.112477796,20.85931381,48.81648186,0,0.02909798,56.5554704,75,-2.6,12.8629190810811,52.392937,"E N"
0.018,1.614,0.23,0.034,52.87006951,13.54091338,5.382885544,17.674042,6.815210864,0.977118834,30.84925724,39.54097278,0,0.062689569,66.41098289,85,-3,13.5817853243243,52.500812,"E N"
0.103,1.138,0.147,0.011,61.70909315,12.83247588,1.924319217,13.33061909,6.936961356,0.250665558,22.44256522,39.48425897,0.022157377,0.222752754,74.56372641,85,-3.28706687093801,13.8123031351351,51.859326,"E S"
0.012,1.185,0.173,0.022,60.13952479,12.476655,3.306746521,14.662267,4.812025501,0.416461926,23.19750095,34.99847695,0.120176432,0.357105254,72.73635621,85,-3.3,13.4466640540541,52.186975,"E N"
0.011,1.454,0.194,0.014,59.5423388,18.36771516,3.800639586,11.38730252,3.118578959,0.364824353,18.67134542,37.05795372,0.092137063,0.465904101,78.00219102,85,-3.4,13.7983601621622,52.165285,"E N"
0.072,0.812,0.238,0.019,63.40074414,10.89138618,5.635148659,12.39325123,4.123778515,0.515186032,22.66736444,43.05276514,0.034959242,0.127259726,74.32708956,85,-3.3,13.8241245135135,52.494386,"E N"
0.278,1.116,0.314,0,44.91681597,14.61430479,2.522330905,31.14747879,2.200118332,1.082898946,36.95282698,12.77966971,0,0.06221067,59.53112076,85,-3.31104073745195,13.5926537567568,52.817968,"E N"
0.006,0.711,0.187,0.018,74.90836695,7.438940855,3.554828299,9.870221369,3.159135957,0.191258632,16.77544426,40.022572,0.016240649,0,82.36354846,75,-2.7486388485193,12.672130972973,52.620601,"E N"
0.175,1.551,0.362,0.015,68.9748093,7.836499142,3.598714164,14.43047664,2.612706196,0.310321339,20.95221833,29.64564544,0.017030536,0.086833619,76.82833898,75,-3.01904441207696,13.0988965945946,52.728272,"E N"
0.292,0.924,0.32,0.004,44.58522564,15.95170552,3.56081156,27.77797537,3.902097073,0.406440738,35.64732474,20.9353961,0.086802733,0.147836338,60.62373389,80,-3.14186355295524,13.3297109189189,52.674305,"E N"
1.714,1.428,1.333,0.029,0.363860899,3.907436866,61.29956976,27.03518335,7.393949126,0,95.72870224,71.75853979,0,0,4.271297765,100,-4.16770438849719,14.8381137027027,52.761565,"E N"
0.961,1.332,0.689,0.106,15.88729333,0.624098518,9.413064747,41.70080718,13.66003941,0.013076132,64.78698747,35.61379384,0.180236604,18.52138408,16.69162846,105,-4.12088631125546,14.3690921081081,54.073317,"E N"
0,0.626,0.844,0.19,3.318047643,20.79922026,10.06057859,1.211265083,0,0,11.27184367,89.25406422,63.2777368,0.517810308,87.3950047,95,-3.78576293114442,14.2660962432432,53.047309,"E N"
0.866,1.658,0.719,0.834,1.949810322,19.57579834,24.95750312,6.390457644,1.542705106,5.788318572,38.67898445,68.5131955,39.77239924,0,61.2980079,95,-3.72203559169597,14.054421027027,53.489055,"E N"
3.273,1.268,0.059,0,0,0,7.716326473,64.96199773,24.36245837,0,97.04078257,33.05701376,0,0,0,85,-3.04620115651572,12.1411598108108,49.581066,"E S"
3.499,2.205,0.185,0,0.427102232,0.14963162,14.62072893,11.42295009,72.11149518,0.260709243,98.41588344,88.12827877,0,0,0.576733852,105,-3.25439844873616,12.5231848378378,49.551319,"E S"
0,5.918,0.419,0,18.75282,2.046290156,18.40039478,19.48391978,41.0367411,0,78.92105566,75.31213994,0,0,20.79911016,75,-2.77086341025117,12.3164446756757,50.210861,"E S"
1.194,1.918,0.639,0,33.82239545,6.238066034,0,37.86256964,5.69927187,1.2411156,44.80295711,12.72074934,0,8.879305159,40.06046149,105,-3.34439787132232,12.6509715945946,49.421556,"E S"
1.04,0.454,0,0,0.253538834,0.357492519,0.123046797,59.35352275,2.241234738,1.725357723,63.44316201,3.726613649,0,0.517526334,0.611031353,110,-3.37750492568498,12.3999315675676,49.25707,"E S"
0.579,0.209,0.123,0,0.443370373,0.010699321,61.80854732,3.243147986,20.21802437,1.86369296,87.13341264,94.13905551,0,0,0.454069695,105,-4.7,14.0941967297297,49.120032,"E S"
7.032,7.938,0.293,0.051,0.890054609,3.268801434,42.61140277,6.920964139,46.30877704,0,95.84114396,92.77871293,0,0,4.158856043,105,-3.329655920758,13.3422627027027,49.5295,"E S"
0.861,4.126,0.978,0,3.68797915,0.256102701,8.858837025,48.58208783,38.18300759,0.018606542,95.64253898,49.18506463,0,0.413379165,3.944081851,85,-3.49963044752966,14.2754920540541,50.597421,"E S"
1.434,9.476,2.499,1.844,16.33851875,16.64746235,23.44010644,9.185602312,15.95033522,0,48.57604397,81.09026269,16.02989004,2.40808489,49.01587114,85,-3.57026755120179,14.3810912702703,51.449925,"E S"
1.121,5.749,3.797,0,31.34429346,3.380866544,7.452788478,13.94765831,30.70836154,0,52.10880833,73.23358804,0,4.015078316,34.72516001,65,-1.51876580569688,10.449203972973,52.273921,"W N"
0.997,1.317,1.234,0,1.38221194,0.076238754,27.70239648,39.57014502,28.53545216,0,95.80799366,58.69849319,0,2.718721725,1.458450693,50,-1.28848544170938,9.00027856756757,53.922337,"W N"
3.439,4.452,2.416,0,5.247662801,1.086951582,14.68443234,65.76845773,5.122878089,1.266500513,86.84226868,22.80837515,0,6.777853744,6.334614383,75,-1.60503102205956,9.89624481081081,53.115203,"W N"
0.881,0.961,0.387,0,0.528536779,8.28722125,4.512089466,13.78347949,8.140298115,0,26.43586707,47.86068695,7.441227861,49.84472568,16.25698589,65,-1.65124866169571,10.6822275405405,54.6964,"W N"
1.188,4.669,0.375,0,0.04201111,1.334403086,0,88.82931983,1.085207024,0,89.91452685,1.206931807,0,8.709058953,1.376414196,75,-1.97845955043705,10.9170693513514,53.814119,"W N"
3.336,3.963,0.664,0,0.871304156,0,2.569036333,43.24161128,1.183444019,42.60344031,89.59753193,4.188151471,0,0,0.871304156,110,-1.61661801907571,9.7065607027027,50.778139,"W S"
4.527,3.407,3.155,0,10.21674925,0.263025903,6.207516075,42.03631005,28.76916681,12.50723191,89.52022485,39.07126345,0,0,10.47977515,105,-1.81477497351888,10.1674297297297,50.468324,"W S"
0.079,1.823,0.511,0,6.197823798,0.751871129,24.71287729,16.67884833,51.65857945,0,93.05030507,82.07545014,0,0,6.949694927,85,-2.65444275173083,13.0409620810811,50.888579,"E S"
0.171,1.897,1.352,0.459,11.37314495,12.18182955,19.87115017,46.68066614,5.653215945,3.516856153,75.7218884,33.70804222,0.096612589,0,23.65158709,75,-2.74749551261351,12.795401027027,52.332585,"E N"
0.498,1.742,1.617,0,0.427462666,94.63425488,1.802885263,0.003318461,0.233648772,0,2.039852496,99.83731858,0,0,95.06171755,65,-1.45478587165551,9.18706964864865,52.601612,"W N"
